District,Area,Post Code,Home Delivery,Lockdown,Charge(1kg),Charge(2kg),Charge(3kg),COD Charge
Dhaka,Mohammadpur(Dhaka),1207,Yes,No,60,75,90,0%
Dhaka,Dhanmondi - Rd 3,1209,Yes,No,60,75,90,0%
Dhaka,Gulshan,1212,Yes,No,60,75,90,0%
Dhaka,Kallyanpur,1216,Yes,No,60,75,90,0%
Dhaka,Shyamoli,1207,Yes,No,60,75,90,0%
Dhaka,Adabor,1207,Yes,No,60,75,90,0%
Dhaka,Darussalam,1216,Yes,No,60,75,90,0%
Dhaka,Gabtoli,1216,Yes,No,60,75,90,0%
Dhaka,Pallabi,1216,Yes,No,60,75,90,0%
Dhaka,Lalmatia,1207,Yes,No,60,75,90,0%
Dhaka,Mirpur DOHS,1216,Yes,No,60,75,90,0%
Dhaka,Kochukhet,1206,Yes,No,60,75,90,0%
Dhaka,Gudaraghat (Badda),1212,Yes,No,60,75,90,0%
Dhaka,Agargaon,1216,Yes,No,60,75,90,0%
Dhaka,Monipur,1216,Yes,No,60,75,90,0%
Dhaka,Sher-E-Bangla Nagar,1205,Yes,No,60,75,90,0%
Dhaka,Ibrahimpur,1206,Yes,No,60,75,90,0%
Dhaka,Cantonment Post Office,1212,Yes,No,60,75,90,0%
Dhaka,Mirpur Cantonment,1216,Yes,No,60,75,90,0%
Dhaka,Kafrul,1206,Yes,No,60,75,90,0%
Dhaka,Vashantek,1206,Yes,No,60,75,90,0%
Dhaka,Manikdi,1216,Yes,No,60,75,90,0%
Dhaka,Matikata,1216,Yes,No,60,75,90,0%
Dhaka,M.E.S,1212,Yes,No,60,75,90,0%
Dhaka,Rupnagar Residential Area,1216,Yes,No,60,75,90,0%
Dhaka,Duaripara,1216,Yes,No,60,75,90,0%
Dhaka,Rainkhola,1216,Yes,No,60,75,90,0%
Dhaka,Mirpur Diabari,1216,Yes,No,60,75,90,0%
Dhaka,Mazar Road,1216,Yes,No,60,75,90,0%
Dhaka,Shagufta,1216,Yes,No,60,75,90,0%
Dhaka,Bawnia,1230,Yes,No,60,75,90,0%
Dhaka,Baigertek,1216,Yes,No,60,75,90,0%
Dhaka,Madina nagar,1216,Yes,No,60,75,90,0%
Dhaka,Dewanpara,1216,Yes,No,60,75,90,0%
Dhaka,Namapara,1229,Yes,No,60,75,90,0%
Dhaka,Mastertek,1216,Yes,No,60,75,90,0%
Dhaka,Balughat,1216,Yes,No,60,75,90,0%
Dhaka,Barontek,1216,Yes,No,60,75,90,0%
Dhaka,Goltek,1216,Yes,No,60,75,90,0%
Dhaka,Kurmitola,1229,Yes,No,60,75,90,0%
Dhaka,Shewra,1229,Yes,No,60,75,90,0%
Dhaka,Ainusbag,1230,Yes,No,60,75,90,0%
Dhaka,Uttarkhan,1230,Yes,No,60,75,90,0%
Dhaka,Dakshinkhan,1230,Yes,No,60,75,90,0%
Dhaka,Fayedabad,1230,Yes,No,60,75,90,0%
Dhaka,Ashkona,1230,Yes,No,60,75,90,0%
Dhaka,Kuril,1229,Yes,No,60,75,90,0%
Dhaka,Khilkhet,1229,Yes,No,60,75,90,0%
Dhaka,Nikunja,1229,Yes,No,60,75,90,0%
Dhaka,Sonali Bank Staff Quarter,1230,Yes,No,60,75,90,0%
Dhaka,Hajipara (Rampura),1219,Yes,No,60,75,90,0%
Dhaka,Kawla,1230,Yes,No,60,75,90,0%
Dhaka,Naddapara,1230,Yes,No,60,75,90,0%
Dhaka,Bashundhara R/A,1229,Yes,No,60,75,90,0%
Dhaka,Vatara,1229,Yes,No,60,75,90,0%
Dhaka,Nadda,1229,Yes,No,60,75,90,0%
Dhaka,Baridhara,1212,Yes,No,60,75,90,0%
Dhaka,Baridhara DOHS,1212,Yes,No,60,75,90,0%
Dhaka,Notun Bazar,1229,Yes,No,60,75,90,0%
Dhaka,Adarsha Nagar (Badda),1212,Yes,No,60,75,90,0%
Dhaka,Shahjadpur,1212,Yes,No,60,75,90,0%
Dhaka,Uttor Badda,1212,Yes,No,60,75,90,0%
Dhaka,Middle Badda,1212,Yes,No,60,75,90,0%
Dhaka,South Badda,1212,Yes,No,60,75,90,0%
Dhaka,Merul Badda,1212,Yes,No,60,75,90,0%
Dhaka,Niketon,1212,Yes,No,60,75,90,0%
Dhaka,Banani,1213,Yes,No,60,75,90,0%
Dhaka,Banani DOHS,1213,Yes,No,60,75,90,0%
Dhaka,Mohakhali,1212,Yes,No,60,75,90,0%
Dhaka,Mohakhali DOHS,1212,Yes,No,60,75,90,0%
Dhaka,South Monipur,1216,Yes,No,60,75,90,0%
Dhaka,Shah Ali Bag,1216,Yes,No,60,75,90,0%
Dhaka,Aziz Palli,1212,Yes,No,60,75,90,0%
Dhaka,Bashtola,1229,Yes,No,60,75,90,0%
Dhaka,South Baridhara DIT Project,1212,Yes,No,60,75,90,0%
Dhaka,Aftabnagar,1212,Yes,No,60,75,90,0%
Dhaka,Bijoy Shoroni,1215,Yes,No,60,75,90,0%
Dhaka,Farmgate,1215,Yes,No,60,75,90,0%
Dhaka,Indira Road,1215,Yes,No,60,75,90,0%
Dhaka,Tejgaon,1208,Yes,No,60,75,90,0%
Dhaka,Tejkunipara,1215,Yes,No,60,75,90,0%
Dhaka,Razabazar,1215,Yes,No,60,75,90,0%
Dhaka,Sukrabad,1215,Yes,No,60,75,90,0%
Dhaka,Panthopath,1205,Yes,No,60,75,90,0%
Dhaka,Kalabagan,1205,Yes,No,60,75,90,0%
Dhaka,Green Road,1205,Yes,No,60,75,90,0%
Dhaka,Manik Mia Avenue,1225,Yes,No,60,75,90,0%
Dhaka,Asad Avenue,1207,Yes,No,60,75,90,0%
Dhaka,West Dhanmondi,1209,Yes,No,60,75,90,0%
Dhaka,Shankar,1209,Yes,No,60,75,90,0%
Dhaka,Rayer Bazar,1209,Yes,No,60,75,90,0%
Dhaka,Tallabag,1209,Yes,No,60,75,90,0%
Dhaka,Hazaribag,1209,Yes,No,60,75,90,0%
Dhaka,Pilkhana,1209,Yes,No,60,75,90,0%
Dhaka,Nawabgonj Puran Dhaka,1320,Yes,No,60,75,90,0%
Dhaka,New Market,1205,Yes,No,60,75,90,0%
Dhaka,Azimpur,1205,Yes,No,60,75,90,0%
Dhaka,Nilkhet,1205,Yes,No,60,75,90,0%
Dhaka,Lalbagh,1211,Yes,No,60,75,90,0%
Dhaka,Chawkbazar (Dhaka),1100,Yes,No,60,75,90,0%
Dhaka,Naya Bazar,1100,Yes,No,60,75,90,0%
Dhaka,Tatibazar,1100,Yes,No,60,75,90,0%
Dhaka,Luxmi Bazar,1100,Yes,No,60,75,90,0%
Dhaka,Puran Dhaka,1100,Yes,No,60,75,90,0%
Dhaka,Siddique Bazar,1100,Yes,No,60,75,90,0%
Dhaka,Tikatuly,1203,Yes,No,60,75,90,0%
Dhaka,Motijheel,1223,Yes,No,60,75,90,0%
Dhaka,Nawabpur,1100,Yes,No,60,75,90,0%
Dhaka,Kaptan Bazar,1100,Yes,No,60,75,90,0%
Dhaka,Gulistan,1100,Yes,No,60,75,90,0%
Dhaka,Bongo Bazar,1100,Yes,No,60,75,90,0%
Dhaka,Chankarpul,1100,Yes,No,60,75,90,0%
Dhaka,Palashi,1211,Yes,No,60,75,90,0%
Dhaka,Dhakeshwari,1211,Yes,No,60,75,90,0%
Dhaka,Kamalapur,1222,Yes,No,60,75,90,0%
Dhaka,Wari,1100,Yes,No,60,75,90,0%
Dhaka,Narinda,1100,Yes,No,60,75,90,0%
Dhaka,Dainik Bangla Mor,1000,Yes,No,60,75,90,0%
Dhaka,Fakirapul,1000,Yes,No,60,75,90,0%
Dhaka,Kakrail,1217,Yes,No,60,75,90,0%
Dhaka,Naya Paltan,1000,Yes,No,60,75,90,0%
Dhaka,Bijoynagar (Paltan),1000,Yes,No,60,75,90,0%
Dhaka,Press Club,1000,Yes,No,60,75,90,0%
Dhaka,High Court,1000,Yes,No,60,75,90,0%
Dhaka,Dhaka University,1205,Yes,No,60,75,90,0%
Dhaka,Dhaka Medical,1100,Yes,No,60,75,90,0%
Dhaka,Bongo Bondhu Avenue,1100,Yes,No,60,75,90,0%
Dhaka,Kazi Nazrul Islam Avenue,1205,Yes,No,60,75,90,0%
Dhaka,Kawran Bazar,1215,Yes,No,60,75,90,0%
Dhaka,Ramna,1217,Yes,No,60,75,90,0%
Dhaka,Shantinagar,1217,Yes,No,60,75,90,0%
Dhaka,Shantibag,1217,Yes,No,60,75,90,0%
Dhaka,Baily Road,1217,Yes,No,60,75,90,0%
Dhaka,Minto Road,1217,Yes,No,60,75,90,0%
Dhaka,Old Elephant Road,1205,Yes,No,60,75,90,0%
Dhaka,Eskaton Garden Road,1217,Yes,No,60,75,90,0%
Dhaka,Eskaton,1217,Yes,No,60,75,90,0%
Dhaka,Moghbazar,1217,Yes,No,60,75,90,0%
Dhaka,Mouchak,1217,Yes,No,60,75,90,0%
Dhaka,Malibag,1217,Yes,No,60,75,90,0%
Dhaka,Rampura,1219,Yes,No,60,75,90,0%
Dhaka,Shahbag,1205,Yes,No,60,75,90,0%
Dhaka,Katabon,1205,Yes,No,60,75,90,0%
Dhaka,Hatirpool,1205,Yes,No,60,75,90,0%
Dhaka,Bashabo,1214,Yes,No,60,75,90,0%
Dhaka,Khilgaon,1219,Yes,No,60,75,90,0%
Dhaka,Middle Bashabo,1214,Yes,No,60,75,90,0%
Dhaka,Goran,1219,Yes,No,60,75,90,0%
Dhaka,Madartek,1219,Yes,No,60,75,90,0%
Dhaka,Manik Nagar,,Yes,No,60,75,90,0%
Dhaka,Shahjahanpur,1214,Yes,No,60,75,90,0%
Dhaka,Banasree (Rampura),1219,Yes,No,60,75,90,0%
Dhaka,Meradia,1219,Yes,No,60,75,90,0%
Dhaka,Khilbari Tek (Badda),,Yes,No,60,75,90,0%
Narayanganj,Bawaliapara (Narayangaj),,Yes,No,60,75,90,0%
Dhaka,Mughdapara,1214,Yes,No,60,75,90,0%
Dhaka,Golapbag (Dhaka),,Yes,No,60,75,90,0%
Dhaka,Jatrabari,1236,Yes,No,60,75,90,0%
Dhaka,Hatirjheel,,Yes,No,60,75,90,0%
Dhaka,Banglamotor,1217,Yes,No,60,75,90,0%
Dhaka,Paribag,1205,Yes,No,60,75,90,0%
Dhaka,Bakshibazar,1100,Yes,No,60,75,90,0%
Dhaka,Elephant Road,1205,Yes,No,60,75,90,0%
Dhaka,Kathalbagan,1205,Yes,No,60,75,90,0%
Dhaka,Malibagh Taltola,1219,Yes,No,60,75,90,0%
Dhaka,Central Road,1205,Yes,No,60,75,90,0%
Dhaka,Sabujbag,1214,Yes,No,60,75,90,0%
Dhaka,Shiddheswari,1217,Yes,No,60,75,90,0%
Dhaka,Dolaikhal,1100,Yes,No,60,75,90,0%
Dhaka,Shegunbagicha,1217,Yes,No,60,75,90,0%
Dhaka,Rajarbag,1217,Yes,No,60,75,90,0%
Dhaka,Babubazar,1100,Yes,No,60,75,90,0%
Dhaka,Islampur(Dhaka),1100,Yes,No,60,75,90,0%
Dhaka,Imamgonj,1100,Yes,No,60,75,90,0%
Dhaka,Nayabazar,1100,Yes,No,60,75,90,0%
Dhaka,Zigatola,1209,Yes,No,60,75,90,0%
Dhaka,Kazipara,1216,Yes,No,60,75,90,0%
Dhaka,Shewrapara,1216,Yes,No,60,75,90,0%
Dhaka,Kalshi,1216,Yes,No,60,75,90,0%
Dhaka,Sutrapur,1100,Yes,No,60,75,90,0%
Dhaka,Purana Paltan,1000,Yes,No,60,75,90,0%
Dhaka,Shyampur,1204,Yes,No,60,75,90,0%
Dhaka,Dholaipar,1236,Yes,No,60,75,90,0%
Dhaka,Monipuripara,1215,Yes,No,60,75,90,0%
Dhaka,Bosila,1207,Yes,No,60,75,90,0%
Dhaka,Shonir Akhra,1362,Yes,No,60,75,90,0%
Dhaka,Mirpur 2,1216,Yes,No,60,75,90,0%
Dhaka,Bongshal,1100,Yes,No,60,75,90,0%
Dhaka,Siddweswari,1217,Yes,No,60,75,90,0%
Dhaka,Nakhalpara,1208,Yes,No,60,75,90,0%
Dhaka,Dokshingaon,,Yes,No,60,75,90,0%
Dhaka,Joar Shahara,1229,Yes,No,60,75,90,0%
Dhaka,Science Lab,1205,Yes,No,60,75,90,0%
Dhaka,Sobhanbag,1215,Yes,No,60,75,90,0%
Dhaka,ECB Chattar,1216,Yes,No,60,75,90,0%
Dhaka,Arambag (Motijheel),1223,Yes,No,60,75,90,0%
Dhaka,Armanitola,1100,Yes,No,60,75,90,0%
Dhaka,Islambag,1100,Yes,No,60,75,90,0%
Dhaka,Kamarpara,1230,Yes,No,60,75,90,0%
Dhaka,Mitford,1100,Yes,No,60,75,90,0%
Dhaka,Shakhari Bazar,1100,Yes,No,60,75,90,0%
Dhaka,Katherpol,1100,Yes,No,60,75,90,0%
Dhaka,Bangla Bazar,1100,Yes,No,60,75,90,0%
Dhaka,Patuatuly,1100,Yes,No,60,75,90,0%
Dhaka,Nandipara,1214,Yes,No,60,75,90,0%
Dhaka,Nazira Bazar,1100,Yes,No,60,75,90,0%
Dhaka,Gopibag,1203,Yes,No,60,75,90,0%
Dhaka,Shwamibag,1203,Yes,No,60,75,90,0%
Dhaka,Sayedabad,1203,Yes,No,60,75,90,0%
Dhaka,Sadarghat (Dhaka),1100,Yes,No,60,75,90,0%
Dhaka,Kaltabazar,1100,Yes,No,60,75,90,0%
Dhaka,Jurain,1204,Yes,No,60,75,90,0%
Dhaka,Gandaria,1100,Yes,No,60,75,90,0%
Dhaka,RayerBag,1204,Yes,No,60,75,90,0%
Dhaka,Faridabad (Jatrabari),1204,Yes,No,60,75,90,0%
Dhaka,Matuail,1361,Yes,No,60,75,90,0%
Dhaka,Donia,1236,Yes,No,60,75,90,0%
Dhaka,Postogola,1204,Yes,No,60,75,90,0%
Dhaka,Konapara,1361,Yes,No,60,75,90,0%
Dhaka,Dhaka Uddyan,1207,Yes,No,60,75,90,0%
Dhaka,Shekhertek,1207,Yes,No,60,75,90,0%
Dhaka,CWH,5999,Yes,No,60,75,90,0%
Dhaka,Mirpur Taltola,1216,Yes,No,60,75,90,0%
Dhaka,Manda(Dhaka),1214,Yes,No,60,75,90,0%
Dhaka,Shahjahanpur (Dhaka),1214,Yes,No,60,75,90,0%
Dhaka,Haterrjheel,,Yes,No,60,75,90,0%
Dhaka,Dhaka uddan,,Yes,No,60,75,90,0%
Dhaka,Nobodoy,,Yes,No,60,75,90,0%
Dhaka,Chad Uddan,,Yes,No,60,75,90,0%
Dhaka,Mohammadia Housing,,Yes,No,60,75,90,0%
Dhaka,Ring Road,,Yes,No,60,75,90,0%
Dhaka,Tajmahal Road,,Yes,No,60,75,90,0%
Dhaka,Nurjahan Road,,Yes,No,60,75,90,0%
Dhaka,Rajia Sultana Road,,Yes,No,60,75,90,0%
Dhaka,Uttara Sector-4,,Yes,No,60,75,90,0%
Dhaka,Goaltek,,Yes,No,60,75,90,0%
Dhaka,Chalabon,,Yes,No,60,75,90,0%
Dhaka,Mollapara,,Yes,No,60,75,90,0%
Dhaka,Azampur (East),,Yes,No,60,75,90,0%
Dhaka,Uttara Sector 5,,Yes,No,60,75,90,0%
Dhaka,Uttara Sector 14,,Yes,No,60,75,90,0%
Dhaka,Uttara Sector 3,,Yes,No,60,75,90,0%
Dhaka,Uttara Sector 7,,Yes,No,60,75,90,0%
Dhaka,Uttara Sector 9,,Yes,No,60,75,90,0%
Dhaka,Uttara Sector 11,,Yes,No,60,75,90,0%
Dhaka,Nalbhog,,Yes,No,60,75,90,0%
Dhaka,Azampur (West) (Uttara),,Yes,No,60,75,90,0%
Dhaka,Phulbaria,,Yes,No,60,75,90,0%
Dhaka,Dhour,,Yes,No,60,75,90,0%
Dhaka,Bhatuliya,,Yes,No,60,75,90,0%
Dhaka,Bamnartek,,Yes,No,60,75,90,0%
Dhaka,Turag,,Yes,No,60,75,90,0%
Dhaka,Kallanpur,,Yes,No,60,75,90,0%
Dhaka,Lalkuthi,,Yes,No,60,75,90,0%
Dhaka,Mirpur 1,,Yes,No,60,75,90,0%
Dhaka,Tolarbag,,Yes,No,60,75,90,0%
Dhaka,Ahmed Nagar,,Yes,No,60,75,90,0%
Dhaka,Paikpara,,Yes,No,60,75,90,0%
Dhaka,Pirerbag,,Yes,No,60,75,90,0%
Dhaka,Taltola (Mirpur),,Yes,No,60,75,90,0%
Dhaka,MES Colony,,Yes,No,60,75,90,0%
Dhaka,Zia Colony,,Yes,No,60,75,90,0%
Dhaka,Ajiz Market,,Yes,No,60,75,90,0%
Dhaka,Aga Nagar,,Yes,No,60,75,90,0%
Dhaka,Kunipara,,Yes,No,60,75,90,0%
Dhaka,Babli Masjid,,Yes,No,60,75,90,0%
Dhaka,Kaderabad Housing,,Yes,No,60,75,90,0%
Dhaka,Kunia,,Yes,No,60,75,90,0%
Dhaka,Gacha,,Yes,No,60,75,90,0%
Dhaka,Boro Bari,,Yes,No,60,75,90,0%
Dhaka,Board Bazar,,Yes,No,60,75,90,0%
Dhaka,Kamarjuri,,Yes,No,60,75,90,0%
Dhaka,Dattapara,,Yes,No,60,75,90,0%
Dhaka,Ershadnagar,,Yes,No,60,75,90,0%
Dhaka,Sataish,,Yes,No,60,75,90,0%
Dhaka,Apollo,,Yes,No,60,75,90,0%
Dhaka,Nurer Chala,,Yes,No,60,75,90,0%
Dhaka,Bawaila Para,,Yes,No,60,75,90,0%
Dhaka,Satarkul,,Yes,No,60,75,90,0%
Dhaka,Khilbar Tek,,Yes,No,60,75,90,0%
Dhaka,Buddho Mondir,,Yes,No,60,75,90,0%
Dhaka,Sipahibag,,Yes,No,60,75,90,0%
Dhaka,TT Para,,Yes,No,60,75,90,0%
Dhaka,Eastern Housing (Adabor),,Yes,No,60,75,90,0%
Dhaka,Teskunipara,,Yes,No,60,75,90,0%
Dhaka,DHAKA TENARI MORE,,Yes,No,60,75,90,0%
Dhaka,Shahidnagar,,Yes,No,60,75,90,0%
Dhaka,Jhigatola,,Yes,No,60,75,90,0%
Dhaka,Polashi,,Yes,No,60,75,90,0%
Dhaka,Satmoshjid Road,,Yes,No,60,75,90,0%
Dhaka,Shukrabad,,Yes,No,60,75,90,0%
Dhaka,BNP Bazar,,Yes,No,60,75,90,0%
Dhaka,Kalachandpur,,Yes,No,60,75,90,0%
Dhaka,Jogonnathpur,,Yes,No,60,75,90,0%
Dhaka,Kuratuli,,Yes,No,60,75,90,0%
Dhaka,Alatunnessa School Road,,Yes,No,60,75,90,0%
Dhaka,Purbo Rampura,,Yes,No,60,75,90,0%
Dhaka,Bou Bazar - Mohakhali, Dhaka,,Yes,No,60,75,90,0%
Dhaka,Chairman Goli,,Yes,No,60,75,90,0%
Dhaka,Confidence Tower, Jhilpar,,Yes,No,60,75,90,0%
Dhaka,Fuji Trade Center,,Yes,No,60,75,90,0%
Dhaka,Khil Barirtek,,Yes,No,60,75,90,0%
Dhaka,Korail,,Yes,No,60,75,90,0%
Dhaka,Mahanogor,,Yes,No,60,75,90,0%
Dhaka,Nimtola,,Yes,No,60,75,90,0%
Dhaka,Nurerchala,,Yes,No,60,75,90,0%
Dhaka,Pastola Bazar,,Yes,No,60,75,90,0%
Dhaka,Poschim Badda,,Yes,No,60,75,90,0%
Dhaka,Purbo Badda,,Yes,No,60,75,90,0%
Dhaka,Sat-tola Bazar,,Yes,No,60,75,90,0%
Dhaka,Shaheenbagh,,Yes,No,60,75,90,0%
Dhaka,Subastu,,Yes,No,60,75,90,0%
Dhaka,ICDDRB,,Yes,No,60,75,90,0%
Dhaka,Satrasta,,Yes,No,60,75,90,0%
Dhaka,Tekpara Adorsonagor,,Yes,No,60,75,90,0%
Dhaka,Uttar Badda,,Yes,No,60,75,90,0%
Dhaka,Wireless,,Yes,No,60,75,90,0%
Dhaka,Solmaid,,Yes,No,60,75,90,0%
Dhaka,300 Feet,,Yes,No,60,75,90,0%
Dhaka,Mirhazirbagh,,Yes,No,60,75,90,0%
Dhaka,Mahut Tuli,,Yes,No,60,75,90,0%
Dhaka,Alubazar,,Yes,No,60,75,90,0%
Dhaka,Badam Toli,,Yes,No,60,75,90,0%
Dhaka,Chamelibag,,Yes,No,60,75,90,0%
Dhaka,Dholaikhal,,Yes,No,60,75,90,0%
Dhaka,Doyagonj,,Yes,No,60,75,90,0%
Dhaka,Farashgong,,Yes,No,60,75,90,0%
Dhaka,Dholpur,,Yes,No,60,75,90,0%
Dhaka,Kodomtoli(Keraniganj),,Yes,No,60,75,90,0%
Dhaka,Kotwali (Puran Dhaka),,Yes,No,60,75,90,0%
Dhaka,Railway Colony,,Yes,No,60,75,90,0%
Dhaka,Rajar Dewri,,Yes,No,60,75,90,0%
Dhaka,Sat rowja,,Yes,No,60,75,90,0%
Dhaka,Tantibazar,,Yes,No,60,75,90,0%
Dhaka,Rosulbagh(Mohakhali),,Yes,No,60,75,90,0%
Dhaka,Gopalpur,,Yes,No,60,75,90,0%
Dhaka,College Gate (Tongi),,Yes,No,60,75,90,0%
Dhaka,Badekomelosshor,,Yes,No,60,75,90,0%
Dhaka,Rail Station,,Yes,No,60,75,90,0%
Dhaka,Uttarkhan Mazar,,Yes,No,60,75,90,0%
Dhaka,Dakshinkhan Bazar,,Yes,No,60,75,90,0%
Dhaka,Hajipara-Dakshinkhan,,Yes,No,60,75,90,0%
Dhaka,Ranavola,,Yes,No,60,75,90,0%
Dhaka,Joynal Market,,Yes,No,60,75,90,0%
Dhaka,Johura Market,,Yes,No,60,75,90,0%
Dhaka,Habib Market,,Yes,No,60,75,90,0%
Dhaka,BDR Market-House Building,,Yes,No,60,75,90,0%
Dhaka,BDR Market-Sector 6,,Yes,No,60,75,90,0%
Dhaka,Moinartek,,Yes,No,60,75,90,0%
Dhaka,Atipara,,Yes,No,60,75,90,0%
Dhaka,Kotbari (Dakshinkhan),,Yes,No,60,75,90,0%
Dhaka,Dewan City,,Yes,No,60,75,90,0%
Dhaka,Mollartek,,Yes,No,60,75,90,0%
Dhaka,Gawair,,Yes,No,60,75,90,0%
Dhaka,Kosaibari,,Yes,No,60,75,90,0%
Dhaka,Prembagan,,Yes,No,60,75,90,0%
Dhaka,Kachkura,,Yes,No,60,75,90,0%
Dhaka,Helal Market,,Yes,No,60,75,90,0%
Dhaka,Chamur Khan,,Yes,No,60,75,90,0%
Dhaka,Society,,Yes,No,60,75,90,0%
Dhaka,Ismailkholla,,Yes,No,60,75,90,0%
Dhaka,Masterpara,,Yes,No,60,75,90,0%
Dhaka,Munda,,Yes,No,60,75,90,0%
Dhaka,Barua,,Yes,No,60,75,90,0%
Dhaka,Namapara-Khilkhet,,Yes,No,60,75,90,0%
Dhaka,Ahalia-Uttara,,Yes,No,60,75,90,0%
Dhaka,Ainusbag-Dakshinkhan,,Yes,No,60,75,90,0%
Dhaka,Diabari,,Yes,No,60,75,90,0%
Dhaka,Habib Market-Uttara,,Yes,No,60,75,90,0%
Dhaka,Pakuria-Uttara,,Yes,No,60,75,90,0%
Dhaka,Aftab Nagar,,Yes,No,60,75,90,0%
Dhaka,Gulbagh,,Yes,No,60,75,90,0%
Dhaka,Meradiya Bazar,,Yes,No,60,75,90,0%
Dhaka,Mirbagh,,Yes,No,60,75,90,0%
Dhaka,Modhubagh,,Yes,No,60,75,90,0%
Dhaka,Rampura TV center,,Yes,No,60,75,90,0%
Dhaka,TV gate,,Yes,No,60,75,90,0%
Dhaka,Ulan road,,Yes,No,60,75,90,0%
Dhaka,Mirpur 10,,Yes,No,60,75,90,0%
Dhaka,Gudaraghat-Mirpur,,Yes,No,60,75,90,0%
Dhaka,Namapara-Mirpur,,Yes,No,60,75,90,0%
Dhaka,Oxygen,,Yes,No,60,75,90,0%
Dhaka,Technical,,Yes,No,60,75,90,0%
Dhaka,Mirpur 13 /14 / 15,,Yes,No,60,75,90,0%
Dhaka,Benaroshi Polli,,Yes,No,60,75,90,0%
Dhaka,Beribadh-Mirpur,,Yes,No,60,75,90,0%
Dhaka,Buddhijibi Road,,Yes,No,60,75,90,0%
Dhaka,Purobi Cinema Hall,,Yes,No,60,75,90,0%
Dhaka,Mondir-Mirpur,,Yes,No,60,75,90,0%
Dhaka,Palasnagor,,Yes,No,60,75,90,0%
Dhaka,Purobi,,Yes,No,60,75,90,0%
Dhaka,Rupnagor,,Yes,No,60,75,90,0%
Dhaka,Senpara,,Yes,No,60,75,90,0%
Dhaka,BRTA,,Yes,No,60,75,90,0%
Dhaka,Zoo,,Yes,No,60,75,90,0%
Dhaka,Niketon Bazar,987,Yes,No,60,75,90,0%
Dhaka,No area,,Yes,No,60,75,90,0%
Dhaka,Eastern Housing (Pallabi),,Yes,No,60,75,90,0%
Dhaka,Jahangir Gate,,Yes,No,60,75,90,0%
Dhaka,Nijhum gate,,Yes,No,60,75,90,0%
Dhaka,BAF Bashar (Dhaka cantonment) ,,Yes,No,60,75,90,0%
Dhaka,Zia Colony,,Yes,No,60,75,90,0%
Dhaka,MES colony,,Yes,No,60,75,90,0%
Dhaka,Arambag (Mirpur),,Yes,No,60,75,90,0%
Dhaka,Nazimuddin Road (Puran Dhaka),,Yes,No,60,75,90,0%
Dhaka,Nazimuddin Road (Malibag),,Yes,No,60,75,90,0%
Dhaka,Kodomtoli (Jatrabari),,Yes,No,60,75,90,0%
Dhaka,SDA,,Yes,No,60,75,90,0%
Dhaka,Mirpur 60 feet,1216,Yes,No,60,75,90,0%
Dhaka,Banasree Block - A,,Yes,No,60,75,90,0%
Dhaka,Banasree Block - B,,Yes,No,60,75,90,0%
Dhaka,Banasree Block - C,,Yes,No,60,75,90,0%
Dhaka,Banasree Block - D,,Yes,No,60,75,90,0%
Dhaka,Banasree Block - E,,Yes,No,60,75,90,0%
Dhaka,Banasree Block - F,,Yes,No,60,75,90,0%
Dhaka,Banasree Block - G,,Yes,No,60,75,90,0%
Dhaka,Banasree Block - H,,Yes,No,60,75,90,0%
Dhaka,Banasree Block - I,,Yes,No,60,75,90,0%
Dhaka,Banasree Block - J,,Yes,No,60,75,90,0%
Dhaka,Banasree Block - K,,Yes,No,60,75,90,0%
Dhaka,Banasree Block - L,,Yes,No,60,75,90,0%
Dhaka,Banasree Block - M,,Yes,No,60,75,90,0%
Dhaka,Banasree Block - N,,Yes,No,60,75,90,0%
Dhaka,Uttara Sector - 1,,Yes,No,60,75,90,0%
Dhaka,Uttara Sector - 2,,Yes,No,60,75,90,0%
Dhaka,Uttara Sector - 6,,Yes,No,60,75,90,0%
Dhaka,Uttara Sector - 8,,Yes,No,60,75,90,0%
Dhaka,Uttara Sector - 10,,Yes,No,60,75,90,0%
Dhaka,Uttara Sector - 12,,Yes,No,60,75,90,0%
Dhaka,Uttara Sector - 13,,Yes,No,60,75,90,0%
Dhaka,Uttara Sector - 15,,Yes,No,60,75,90,0%
Dhaka,Dhanmondi - Rd 1,,Yes,No,60,75,90,0%
Dhaka,Dhanmondi - Rd 2,,Yes,No,60,75,90,0%
Dhaka,Dhanmondi - Rd 4,,Yes,No,60,75,90,0%
Dhaka,Dhanmondi - Rd 4A,,Yes,No,60,75,90,0%
Dhaka,Dhanmondi - Rd 6,,Yes,No,60,75,90,0%
Dhaka,Dhanmondi - Rd 6,,Yes,No,60,75,90,0%
Dhaka,Dhanmondi - Rd 3A,,Yes,No,60,75,90,0%
Dhaka,Dhanmondi - Rd 6A,,Yes,No,60,75,90,0%
Dhaka,Dhanmondi - Rd 8,,Yes,No,60,75,90,0%
Dhaka,Dhanmondi - Rd 8A,,Yes,No,60,75,90,0%
Dhaka,Dhanmondi - Rd 9,,Yes,No,60,75,90,0%
Dhaka,Dhanmondi - Rd 9A,,Yes,No,60,75,90,0%
Dhaka,Dhanmondi - Rd 10,,Yes,No,60,75,90,0%
Dhaka,Dhanmondi - Rd 12,,Yes,No,60,75,90,0%
Dhaka,Dhanmondi - Rd 12A,,Yes,No,60,75,90,0%
Dhaka,Dhanmondi - Rd 15,,Yes,No,60,75,90,0%
Dhaka,Dhanmondi - Rd 15 A,,Yes,No,60,75,90,0%
Dhaka,Dhanmondi - Rd 27,,Yes,No,60,75,90,0%
Dhaka,Dhanmondi - Rd 28,,Yes,No,60,75,90,0%
Dhaka,Dhanmondi - Rd 29,,Yes,No,60,75,90,0%
Dhaka,Zafrabad,,Yes,No,60,75,90,0%
Dhaka,Sadek Khan Road,,Yes,No,60,75,90,0%
Dhaka,Sher e Bangla Road,,Yes,No,60,75,90,0%
Dhaka,Katasur,,Yes,No,60,75,90,0%
Dhaka,Dhanmondi Staff Quarter,,Yes,No,60,75,90,0%
Dhaka,Uttara Sector - 16,,Yes,No,60,75,90,0%
Dhaka,Uttara Sector - 17,,Yes,No,60,75,90,0%
Dhaka,Uttara Sector - 18,,Yes,No,60,75,90,0%
Dhaka,Arshinagar,,Yes,No,60,75,90,0%
Dhaka,Washpur,,Yes,No,60,75,90,0%
Dhaka,Garden City,,Yes,No,60,75,90,0%
Dhaka,Boddhovumi,,Yes,No,60,75,90,0%
Dhaka,Mirpur - 6,,Yes,No,60,75,90,0%
Dhaka,Mirpur - 7,,Yes,No,60,75,90,0%
Dhaka,Mirpur - 11,,Yes,No,60,75,90,0%
Dhaka,Mirpur - 11.5,,Yes,No,60,75,90,0%
Dhaka,Mirpur - 12,,Yes,No,60,75,90,0%
Dhaka,Mirpur - 13,,Yes,No,60,75,90,0%
Dhaka,Mirpur - 15,,Yes,No,60,75,90,0%
Dhaka,Mirpur - 14,,Yes,No,60,75,90,0%
Munshiganj,Mirkadim (Munshiganj),,Yes,No,60,75,90,0%
Dhaka,Nikunja 2,,Yes,No,60,75,90,0%
Gazipur,Jalsukha (Gazipur),,Yes,No,60,75,90,0%
Dhaka,Savar,1348,Yes,No,100,115,130,1%
Dhaka,Savar Cantonment,1348,Yes,No,100,115,130,1%
Gazipur,Tongi,1700,Yes,No,100,115,130,1%
Dhaka,Demra,1360,Yes,No,100,115,130,1%
Dhaka,Ashulia,1341,Yes,No,100,115,130,1%
Dhaka,Amin Bazar,1348,Yes,No,100,115,130,1%
Dhaka,Kamrangichar,1211,Yes,No,100,115,130,1%
Dhaka,Keranigonj,1310,Yes,No,100,115,130,1%
Dhaka,Dhamrai,1350,Yes,No,100,115,130,1%
Gazipur,Chowrasta (Gazipur),1700,Yes,No,100,115,130,1%
Gazipur,Kaliakoir,1751,Yes,No,100,115,130,1%
Gazipur,Kaliganj(Gazipur),1700,Yes,No,100,115,130,1%
Gazipur,Kapasia,1730,Yes,No,100,115,130,1%
Gazipur,Sreepur(Gazipur),1740,Yes,No,100,115,130,1%
Narayanganj,Araihazar,1450,Yes,No,100,115,130,1%
Narayanganj,Bandar (Narayanganj),1410,Yes,No,100,115,130,1%
Narayanganj,Chashara (Narayanganj),1400,Yes,No,100,115,130,1%
Narayanganj,Rupganj,1460,Yes,No,100,115,130,1%
Narayanganj,Sonargaon,1430,Yes,No,100,115,130,1%
Narayanganj,Siddhirganj,1430,Yes,No,100,115,130,1%
Narayanganj,Fatullah,1420,Yes,No,100,115,130,1%
Dhaka,Kalatia,1313,Yes,No,100,115,130,1%
Dhaka,Baipayl,1349,Yes,No,100,115,130,1%
Dhaka,Birulia,1343,Yes,No,100,115,130,1%
Narayanganj,Shanarpar (Narayanganj),1400,Yes,No,100,115,130,1%
Dhaka,Amin Bazar,,Yes,No,100,115,130,1%
Dhaka,Kathuria,,Yes,No,100,115,130,1%
Dhaka,Goljarbag,,Yes,No,100,115,130,1%
Dhaka,Nazirabag,,Yes,No,100,115,130,1%
Dhaka,Kaliganj - Keraniganj,,Yes,No,100,115,130,1%
Dhaka,Nazarganj,,Yes,No,100,115,130,1%
Dhaka,Zinzira,,Yes,No,100,115,130,1%
Dhaka,Auchpara,,Yes,No,100,115,130,1%
Dhaka,Cherag Ali,,Yes,No,100,115,130,1%
Dhaka,Tongi Bazar (Dhaka),,Yes,No,100,115,130,1%
Narayanganj,Bhuigarh-Narayangonj,,Yes,No,100,115,130,1%
Dhaka,Hasnabad,,Yes,No,100,115,130,1%
Dhaka,Khairtail,,Yes,No,100,115,130,1%
Dhaka,Bonomala,,Yes,No,100,115,130,1%
Dhaka,Morkun,,Yes,No,100,115,130,1%
Dhaka,Bhadam,,Yes,No,100,115,130,1%
Dhaka,Boro Dewra Dakkhin Para,,Yes,No,100,115,130,1%
Dhaka,Boardbazar,,Yes,No,100,115,130,1%
Dhaka,Gazipura,,Yes,No,100,115,130,1%
Dhaka,Hossain Market (Tongi),,Yes,No,100,115,130,1%
Dhaka,Signboard (Gazipur),,Yes,No,100,115,130,1%
Dhaka,Joydebpur,,Yes,No,100,115,130,1%
Dhaka,Dhirasrom,,Yes,No,100,115,130,1%
Dhaka,Dattapara Road,,Yes,No,100,115,130,1%
Dhaka,Borobari,,Yes,No,100,115,130,1%
Dhaka,Choidana,,Yes,No,100,115,130,1%
Dhaka,Deger Chala,,Yes,No,100,115,130,1%
Dhaka,Gazcha,,Yes,No,100,115,130,1%
Dhaka,Hariken,,Yes,No,100,115,130,1%
Dhaka,Khartail,,Yes,No,100,115,130,1%
Dhaka,Majukhan,,Yes,No,100,115,130,1%
Dhaka,Milgate,,Yes,No,100,115,130,1%
Dhaka,National University,,Yes,No,100,115,130,1%
Dhaka,Surtaranga,,Yes,No,100,115,130,1%
Dhaka,Targach,,Yes,No,100,115,130,1%
Dhaka,Boro Dewra,,Yes,No,100,115,130,1%
Gazipur,Mawna,1740,Yes,No,100,115,130,1%
Gazipur,Rajendrapur,1742,Yes,No,100,115,130,1%
Gazipur,Bhawal Gazipur,1730,Yes,No,100,115,130,1%
Gazipur,Vobanipur Gazipur,1730,Yes,No,100,115,130,1%
Gazipur,Barmi Sreepur (Gazipur),1740,Yes,No,100,115,130,1%
Gazipur,Fulbaria Gazipur,1750,Yes,No,100,115,130,1%
Gazipur,Pubail,,Yes,No,100,115,130,1%
Gazipur,Mirerbazar,,Yes,No,100,115,130,1%
Gazipur,Ulokhola,,Yes,No,100,115,130,1%
Gazipur,Modhumita,,Yes,No,100,115,130,1%
Gazipur,Miraspara,,Yes,No,100,115,130,1%
Gazipur,Pagar,,Yes,No,100,115,130,1%
Gazipur,Jinumarket,,Yes,No,100,115,130,1%
Gazipur,T & T(Gazipur),,Yes,No,100,115,130,1%
Gazipur,Shilmun,,Yes,No,100,115,130,1%
Gazipur,Mudafa,,Yes,No,100,115,130,1%
Gazipur,Khapara,,Yes,No,100,115,130,1%
Gazipur,Malakerbari,,Yes,No,100,115,130,1%
Gazipur,Bypass Road (Gazipur),,Yes,No,100,115,130,1%
Gazipur,Kodda,,Yes,No,100,115,130,1%
Gazipur,Duet Road,,Yes,No,100,115,130,1%
Gazipur,Shibbari,,Yes,No,100,115,130,1%
Gazipur,Shimultoli,,Yes,No,100,115,130,1%
Gazipur,Jorpukur,,Yes,No,100,115,130,1%
Gazipur,Salna,,Yes,No,100,115,130,1%
Gazipur,Porabari Bazar,,Yes,No,100,115,130,1%
Gazipur,Dhaladia Gazipur,,Yes,No,100,115,130,1%
Gazipur,Hotapara,,Yes,No,100,115,130,1%
Gazipur,Bager bazar,,Yes,No,100,115,130,1%
Gazipur,Member Bari Gazipur,,Yes,No,100,115,130,1%
Gazipur,Gorgoria masterbari,,Yes,No,100,115,130,1%
Gazipur,Mc Bazar,,Yes,No,100,115,130,1%
Gazipur,Nayanpur Sreepur,,Yes,No,100,115,130,1%
Gazipur,Konabari,,Yes,No,100,115,130,1%
Gazipur,Mouchak Gazipur,,Yes,No,100,115,130,1%
Gazipur,Kashempur,,Yes,No,100,115,130,1%
Gazipur,Shafipur,,Yes,No,100,115,130,1%
Gazipur,Joyna Bazar,,Yes,No,100,115,130,1%
Gazipur,Pollibiddut Gazipur,,Yes,No,100,115,130,1%
Gazipur,Chondra Gazipur,,Yes,No,100,115,130,1%
Gazipur,Rajabari Sreepur,,Yes,No,100,115,130,1%
Narayanganj,Signboard (Narayanganj),,Yes,No,100,115,130,1%
Narayanganj,Jalkuri (Narayanganj),,Yes,No,100,115,130,1%
Narayanganj,Shibu Market (Narayanganj),,Yes,No,100,115,130,1%
Narayanganj,Chittagong Road (Narayanganj),,Yes,No,100,115,130,1%
Dhaka,Basher pull (Demra),,Yes,No,100,115,130,1%
Dhaka,Bamuail (Demra),,Yes,No,100,115,130,1%
Dhaka,Sharuliya (Demra),,Yes,No,100,115,130,1%
Dhaka,Rani mohol  (Demra),,Yes,No,100,115,130,1%
Dhaka,Staffquater  (Demra),,Yes,No,100,115,130,1%
Dhaka,Demra bazar  (Demra),,Yes,No,100,115,130,1%
Dhaka,Hajinogar  (Demra),,Yes,No,100,115,130,1%
Dhaka,Boxnagar  (Demra),,Yes,No,100,115,130,1%
Dhaka,Badsha mia road  (Demra),,Yes,No,100,115,130,1%
Dhaka,Muslimnagar  (Demra),,Yes,No,100,115,130,1%
Gazipur,Vannara (Gazipur),,Yes,No,100,115,130,1%
Gazipur,Sardarganj (Gazipur),,Yes,No,100,115,130,1%
Gazipur,Sultan Market (Gazipur),,Yes,No,100,115,130,1%
Gazipur,Baroipara (Gazipur),,Yes,No,100,115,130,1%
Gazipur,Goailbari bazar (Gazipur),,Yes,No,100,115,130,1%
Gazipur,Hatimara (Gazipur),,Yes,No,100,115,130,1%
Gazipur,Sardagonj (Gazipur),,Yes,No,100,115,130,1%
Gazipur,Ambagh (Gazipur),,Yes,No,100,115,130,1%
Gazipur,Fulbaria bazar (Gazipur),,Yes,No,100,115,130,1%
Gazipur,Madhobpur (Gazipur),,Yes,No,100,115,130,1%
Gazipur,Kabirpur (Gazipur),,Yes,No,100,115,130,1%
Gazipur,Walton high-tech (Gazipur),,Yes,No,100,115,130,1%
Gazipur,Walton micro-tech (Gazipur),,Yes,No,100,115,130,1%
Gazipur,Mollapara (Gazipur),,Yes,No,100,115,130,1%
Gazipur,Gosatra (Gazipur),,Yes,No,100,115,130,1%
Dhaka,Dohar,1333,Yes,No,130,160,190,1%
Dhaka,Nawabgonj (Dhaka),,Yes,No,130,160,190,1%
Faridpur,Alfadanga,7870,Yes,No,130,160,190,1%
Faridpur,Bhanga,7830,Yes,No,130,160,190,1%
Faridpur,Boalmari,7860,Yes,No,130,160,190,1%
Faridpur,Char Bhadrasan,7810,Yes,No,130,160,190,1%
Faridpur,Faridpur Sadar,7800,Yes,No,130,160,190,1%
Faridpur,Madhukhali,7850,Yes,No,130,160,190,1%
Faridpur,Nagarkanda,7840,Yes,No,130,160,190,1%
Faridpur,Sadarpur,7820,Yes,No,130,160,190,1%
Faridpur,Saltha,7860,Yes,No,130,160,190,1%
Gopalganj,Gopalganj Sadar,8100,Yes,No,130,160,190,1%
Gopalganj,Kasiani,8130,Yes,No,130,160,190,1%
Gopalganj,Kotalipara,8110,Yes,No,130,160,190,1%
Gopalganj,Maksudpur,8140,Yes,No,130,160,190,1%
Gopalganj,Tungipara,8120,Yes,No,130,160,190,1%
Jamalpur,Bakshiganj,2140,Yes,No,130,160,190,1%
Jamalpur,Dewanganj,2030,Yes,No,130,160,190,1%
Jamalpur,Islampur(Jamalpur),2020,Yes,No,130,160,190,1%
Jamalpur,Jamalpur Sadar,2000,Yes,No,130,160,190,1%
Jamalpur,Madarganj,2040,Yes,No,130,160,190,1%
Jamalpur,Melandah,2010,Yes,No,130,160,190,1%
Jamalpur,Sharishabari,2050,Yes,No,130,160,190,1%
Kishoreganj,Austogram,2380,Yes,No,130,160,190,1%
Kishoreganj,Bajitpur,2336,Yes,No,130,160,190,1%
Kishoreganj,Bhairab,2350,Yes,No,130,160,190,1%
Kishoreganj,Hosainpur,2320,Yes,No,130,160,190,1%
Kishoreganj,Itna,2390,Yes,No,130,160,190,1%
Kishoreganj,Karimganj,2310,Yes,No,130,160,190,1%
Kishoreganj,Katiadi,2330,Yes,No,130,160,190,1%
Kishoreganj,Kishoreganj Sadar,2300,Yes,No,130,160,190,1%
Kishoreganj,Kuliarchar,2340,Yes,No,130,160,190,1%
Kishoreganj,Mithamain,2370,Yes,No,130,160,190,1%
Kishoreganj,Nikli,2360,Yes,No,130,160,190,1%
Kishoreganj,Pakundia,2326,Yes,No,130,160,190,1%
Kishoreganj,Tarail,2316,Yes,No,130,160,190,1%
Madaripur,Kalkini,7920,Yes,No,130,160,190,1%
Madaripur,Madaripur Sadar,7900,Yes,No,130,160,190,1%
Madaripur,Rajoir,7910,Yes,No,130,160,190,1%
Madaripur,Shibchar,7900,Yes,No,130,160,190,1%
Manikganj,Daulatpur(Manikganj),1860,Yes,No,130,160,190,1%
Manikganj,Ghior,1840,Yes,No,130,160,190,1%
Manikganj,Harirampur (Manikganj),1850,Yes,No,130,160,190,1%
Manikganj,Manikganj Sadar,1800,Yes,No,130,160,190,1%
Manikganj,Saturia,1810,Yes,No,130,160,190,1%
Manikganj,Shibalaya,1850,Yes,No,130,160,190,1%
Manikganj,Singair,1820,Yes,No,130,160,190,1%
Munshiganj,Gazaria,8332,Yes,No,130,160,190,1%
Munshiganj,Lauhajang,1530,Yes,No,130,160,190,1%
Munshiganj,Katakhali (Munshiganj),1500,Yes,No,130,160,190,1%
Munshiganj,Serajdikhan,1540,Yes,No,130,160,190,1%
Munshiganj,Sreenagar,1550,Yes,No,130,160,190,1%
Munshiganj,Tangibari,1520,Yes,No,130,160,190,1%
Mymensingh,Valuka,2240,Yes,No,130,160,190,1%
Mymensingh,Dhubaura,2416,Yes,No,130,160,190,1%
Mymensingh,Fulbaria (Mymensingh),2216,Yes,No,130,160,190,1%
Mymensingh,Fulpur,2250,Yes,No,130,160,190,1%
Mymensingh,Goffargaon,2230,Yes,No,130,160,190,1%
Mymensingh,Koltapara (Gouripur Mymensingh),2270,Yes,No,130,160,190,1%
Mymensingh,Haluaghat,2260,Yes,No,130,160,190,1%
Mymensingh,Iswarganj,2280,Yes,No,130,160,190,1%
Mymensingh,Kacharighat (Mymensingh),2200,Yes,No,130,160,190,1%
Mymensingh,Muktagacha,2210,Yes,No,130,160,190,1%
Mymensingh,Nandail,2290,Yes,No,130,160,190,1%
Mymensingh,Trishal,2220,Yes,No,130,160,190,1%
Norshingdi,Belabo,1640,Yes,No,130,160,190,1%
Norshingdi,Monohardi,1650,Yes,No,130,160,190,1%
Norshingdi,Velanogor (Narsingdi),1600,Yes,No,130,160,190,1%
Norshingdi,Palash,1610,Yes,No,130,160,190,1%
Norshingdi,Raipura (Bhairab),1630,Yes,No,130,160,190,1%
Norshingdi,Shibpur,1620,Yes,No,130,160,190,1%
Netrokona,Atpara,2470,Yes,No,130,160,190,1%
Netrokona,Barhatta,2440,Yes,No,130,160,190,1%
Netrokona,Durgapur(Netrokona),3848,Yes,No,130,160,190,1%
Netrokona,Kalmakanda,2430,Yes,No,130,160,190,1%
Netrokona,Kendua,2480,Yes,No,130,160,190,1%
Netrokona,Khaliajuri,2460,Yes,No,130,160,190,1%
Netrokona,Madan,2490,Yes,No,130,160,190,1%
Netrokona,Mohanganj,2446,Yes,No,130,160,190,1%
Netrokona,Netrokona Sadar,2400,Yes,No,130,160,190,1%
Netrokona,Purbadhala (Netrokona),2410,Yes,No,130,160,190,1%
Rajbari,Baliakandi,7730,Yes,No,130,160,190,1%
Rajbari,Goalunda,7710,Yes,No,130,160,190,1%
Rajbari,Pangsha,7720,Yes,No,130,160,190,1%
Rajbari,Rajbari Sadar,7700,Yes,No,130,160,190,1%
Rajbari,Kalukhali,7720,Yes,No,130,160,190,1%
Shariatpur,Bhedarganj,8030,Yes,No,130,160,190,1%
Shariatpur,Damudiya,8040,Yes,No,130,160,190,1%
Shariatpur,Gosairhat,8050,Yes,No,130,160,190,1%
Shariatpur,Zajira,8010,Yes,No,130,160,190,1%
Shariatpur,Naria,8020,Yes,No,130,160,190,1%
Shariatpur,Shariatpur Sadar,8000,Yes,No,130,160,190,1%
Sherpur,Jhenaigati,2120,Yes,No,130,160,190,1%
Sherpur,Nakla,2150,Yes,No,130,160,190,1%
Sherpur,Nalitabari,2110,Yes,No,130,160,190,1%
Sherpur,Sherpur Sadar,2100,Yes,No,130,160,190,1%
Sherpur,Sribordi,2130,Yes,No,130,160,190,1%
Tangail,Bashail,1920,Yes,No,130,160,190,1%
Tangail,Bhuapur,1960,Yes,No,130,160,190,1%
Tangail,Delduar,1910,Yes,No,130,160,190,1%
Tangail,Ghatail,1980,Yes,No,130,160,190,1%
Tangail,Gopalpur (Tangail),1990,Yes,No,130,160,190,1%
Tangail,Kalihati,1970,Yes,No,130,160,190,1%
Tangail,Mirzapur,1940,Yes,No,130,160,190,1%
Tangail,Modhupur,1996,Yes,No,130,160,190,1%
Tangail,Nagarpur,1936,Yes,No,130,160,190,1%
Tangail,Shakhipur,1950,Yes,No,130,160,190,1%
Tangail,Tangail Sadar,1900,Yes,No,130,160,190,1%
Tangail,Dhanbari,1997,Yes,No,130,160,190,1%
Bagerhat,Bagerhat Sadar,9300,Yes,No,130,160,190,1%
Bagerhat,Chitalmari,9360,Yes,No,130,160,190,1%
Bagerhat,Fakirhat (Bagerhat),9370,Yes,No,130,160,190,1%
Bagerhat,Kachua(Bagerhat),3630,Yes,No,130,160,190,1%
Bagerhat,Mollarhat,9380,Yes,No,130,160,190,1%
Bagerhat,Mongla,9351,Yes,No,130,160,190,1%
Bagerhat,Morelganj,9320,Yes,No,130,160,190,1%
Bagerhat,Rampal,9340,Yes,No,130,160,190,1%
Bagerhat,Sarankhola,9311,Yes,No,130,160,190,1%
Chuadanga,Alamdanga,7210,Yes,No,130,160,190,1%
Chuadanga,Chuadanga Sadar,7200,Yes,No,130,160,190,1%
Chuadanga,Damurhuda,7220,Yes,No,130,160,190,1%
Chuadanga,Jibannagar,7200,Yes,No,130,160,190,1%
Jessore,Noapara (Jessore),7462,Yes,No,130,160,190,1%
Jessore,Bagherpara,7470,Yes,No,130,160,190,1%
Jessore,Chowgacha,7410,Yes,No,130,160,190,1%
Jessore,Jessore Sadar,7400,Yes,No,130,160,190,1%
Jessore,Jhikargacha,7420,Yes,No,130,160,190,1%
Jessore,Keshabpur,7450,Yes,No,130,160,190,1%
Jessore,Manirampur,7440,Yes,No,130,160,190,1%
Jessore,Sharsha,7430,Yes,No,130,160,190,1%
Jhenaidah,Kotchandpur,7330,Yes,No,130,160,190,1%
Jhenaidah,Harinakunda,7310,Yes,No,130,160,190,1%
Jhenaidah,Jhenaidah Sadar,7300,Yes,No,130,160,190,1%
Jhenaidah,Kaliganj(Jhenaidah),7300,Yes,No,130,160,190,1%
Jhenaidah,Moheshpur,7340,Yes,No,130,160,190,1%
Jhenaidah,Shailkupa,7320,Yes,No,130,160,190,1%
Khulna,Batiaghata,9260,Yes,No,130,160,190,1%
Khulna,Dacope,9271,Yes,No,130,160,190,1%
Khulna,Dighalia,9220,Yes,No,130,160,190,1%
Khulna,Dumuria,9250,Yes,No,130,160,190,1%
Khulna,Phultala,9210,Yes,No,130,160,190,1%
Khulna,Koira,,Yes,No,130,160,190,1%
Khulna,Paikgacha,9280,Yes,No,130,160,190,1%
Khulna,Rupsa,9241,Yes,No,130,160,190,1%
Khulna,Khalispur,9000,Yes,No,130,160,190,1%
Khulna,Sonadanga,9100,Yes,No,130,160,190,1%
Khulna,Khan jahan ali ,9222,Yes,No,130,160,190,1%
Khulna,Doulatpur,9202,Yes,No,130,160,190,1%
Khulna,Terokhada,9230,Yes,No,130,160,190,1%
Kushtia,Bheramara,7040,Yes,No,130,160,190,1%
Kushtia,Daulatpur (Kushtia),7050,Yes,No,130,160,190,1%
Kushtia,Khoksha,7021,Yes,No,130,160,190,1%
Kushtia,Kumarkhali,7010,Yes,No,130,160,190,1%
Kushtia,Kushtia Sadar,7000,Yes,No,130,160,190,1%
Kushtia,Mirpur (Kushtia),7030,Yes,No,130,160,190,1%
Magura,Magura Sadar,7600,Yes,No,130,160,190,1%
Magura,Mohammadpur (Magura),7630,Yes,No,130,160,190,1%
Magura,Shalikha,,Yes,No,130,160,190,1%
Magura,Sreepur (Magura),7610,Yes,No,130,160,190,1%
Meherpur,Gangni,7110,Yes,No,130,160,190,1%
Meherpur,Meherpur Sadar,7100,Yes,No,130,160,190,1%
Meherpur,Mujibnagar,7102,Yes,No,130,160,190,1%
Narail,Kalia,7520,Yes,No,130,160,190,1%
Narail,Lohagara(Narail),7511,Yes,No,130,160,190,1%
Narail,Narail Sadar,7500,Yes,No,130,160,190,1%
Satkhira,Assasuni,9460,Yes,No,130,160,190,1%
Satkhira,Debhata,9430,Yes,No,130,160,190,1%
Satkhira,Kaliganj(Satkhira),9440,Yes,No,130,160,190,1%
Satkhira,Kolaroa,9410,Yes,No,130,160,190,1%
Satkhira,Satkhira Sadar,9400,Yes,No,130,160,190,1%
Satkhira,Shyamnagar,9450,Yes,No,130,160,190,1%
Satkhira,Tala,9420,Yes,No,130,160,190,1%
Bogra,Adamdighi (Bogra),5890,Yes,No,130,160,190,1%
Bogra,Bogra Sadar,5800,Yes,No,130,160,190,1%
Bogra,Dhunot,5850,Yes,No,130,160,190,1%
Bogra,Dhubchanchia,5880,Yes,No,130,160,190,1%
Bogra,Gabtali (Bogra),5820,Yes,No,130,160,190,1%
Bogra,Kahaloo,5870,Yes,No,130,160,190,1%
Bogra,Nandigram,5860,Yes,No,130,160,190,1%
Bogra,Sariakandi,5830,Yes,No,130,160,190,1%
Bogra,Sherpur (Bogra),5840,Yes,No,130,160,190,1%
Bogra,Shibganj ( Bogra ),2231,Yes,No,130,160,190,1%
Bogra,Sonatola,5826,Yes,No,130,160,190,1%
Bogra,Shajahanpur (Bogura),5800,Yes,No,130,160,190,1%
Chapai Nawabganj,Bholahat,6330,Yes,No,130,160,190,1%
Chapai Nawabganj,Gomastapur,6321,Yes,No,130,160,190,1%
Chapai Nawabganj,Nachole,6310,Yes,No,130,160,190,1%
Chapai Nawabganj,Nawabganj Sadar,6300,Yes,No,130,160,190,1%
Chapai Nawabganj,Shipganj ( Chapai ),6340,Yes,No,130,160,190,1%
Joypurhat,Akkelpur,5940,Yes,No,130,160,190,1%
Joypurhat,Joypurhat Sadar,5900,Yes,No,130,160,190,1%
Joypurhat,Kalai,5930,Yes,No,130,160,190,1%
Joypurhat,Khetlal,5920,Yes,No,130,160,190,1%
Joypurhat,Panchbibi,5910,Yes,No,130,160,190,1%
Naogaon,Atrai,,Yes,No,130,160,190,1%
Naogaon,Badalgachi,6570,Yes,No,130,160,190,1%
Naogaon,Dhamoirhat,6580,Yes,No,130,160,190,1%
Naogaon,Manda(Naogaon),6511,Yes,No,130,160,190,1%
Naogaon,Mahadebpur,6530,Yes,No,130,160,190,1%
Naogaon,Naogaon Sadar,6500,Yes,No,130,160,190,1%
Naogaon,Niamatpur,6520,Yes,No,130,160,190,1%
Naogaon,Patnitala,6540,Yes,No,130,160,190,1%
Naogaon,Porsha,6551,Yes,No,130,160,190,1%
Naogaon,Raninagar,6590,Yes,No,130,160,190,1%
Naogaon,Shapahar,6560,Yes,No,130,160,190,1%
Natore,Baghatipara,6433,Yes,No,130,160,190,1%
Natore,Baraigram,6432,Yes,No,130,160,190,1%
Natore,Gurudaspur,6440,Yes,No,130,160,190,1%
Natore,Lalpur,6421,Yes,No,130,160,190,1%
Natore,Natore Sadar,6400,Yes,No,130,160,190,1%
Natore,Singra,6450,Yes,No,130,160,190,1%
Pabna,Atgharia,,Yes,No,130,160,190,1%
Pabna,Bera,6680,Yes,No,130,160,190,1%
Pabna,Bhangura,6640,Yes,No,130,160,190,1%
Pabna,Chatmohar,6630,Yes,No,130,160,190,1%
Pabna,Faridpur ( Pabna ),6650,Yes,No,130,160,190,1%
Pabna,Iswardi,6620,Yes,No,130,160,190,1%
Pabna,Pabna Sadar,6600,Yes,No,130,160,190,1%
Pabna,Santhia,6670,Yes,No,130,160,190,1%
Pabna,Sujanagar,6660,Yes,No,130,160,190,1%
Rajshahi,Bagha,6281,Yes,No,130,160,190,1%
Rajshahi,Bagmara (Rajshahi),6250,Yes,No,130,160,190,1%
Rajshahi,Charghat,6270,Yes,No,130,160,190,1%
Rajshahi,Durgapur(Rajshahi),6240,Yes,No,130,160,190,1%
Rajshahi,Godagari,6290,Yes,No,130,160,190,1%
Rajshahi,Mohanpur (Rajshahi),6220,Yes,No,130,160,190,1%
Rajshahi,Paba,6213,Yes,No,130,160,190,1%
Rajshahi,Putia,6260,Yes,No,130,160,190,1%
Rajshahi,Tanore,6230,Yes,No,130,160,190,1%
Rajshahi,Sadar,6000,Yes,No,130,160,190,1%
Sirajganj,Belkuchi,6740,Yes,No,130,160,190,1%
Sirajganj,Chowhali,6770,Yes,No,130,160,190,1%
Sirajganj,Kamarkhanda,6700,Yes,No,130,160,190,1%
Sirajganj,Kazipur,6710,Yes,No,130,160,190,1%
Sirajganj,Raiganj,6700,Yes,No,130,160,190,1%
Sirajganj,Shahajadpur (Sirajganj),6770,Yes,No,130,160,190,1%
Sirajganj,Sirajganj Sadar,6700,Yes,No,130,160,190,1%
Sirajganj,Tarash,6780,Yes,No,130,160,190,1%
Sirajganj,Ullapara,6760,Yes,No,130,160,190,1%
Habiganj,Ajmeriganj,3360,Yes,No,130,160,190,1%
Habiganj,Bahubal (Shayestaganj Hub),3310,Yes,No,130,160,190,1%
Habiganj,Baniachang,3350,Yes,No,130,160,190,1%
Habiganj,Chunarughat (Shayestaganj Hub),3320,Yes,No,130,160,190,1%
Habiganj,Habiganj Sadar,3300,Yes,No,130,160,190,1%
Habiganj,Lakhai,3341,Yes,No,130,160,190,1%
Habiganj,Madhabpur (Shayestaganj Hub),3330,Yes,No,130,160,190,1%
Habiganj,Nabiganj,3370,Yes,No,130,160,190,1%
Moulvibazar,Barlekha,3250,Yes,No,130,160,190,1%
Moulvibazar,Kamalganj,3220,Yes,No,130,160,190,1%
Moulvibazar,Kulaura,3230,Yes,No,130,160,190,1%
Moulvibazar,Moulvibazar Sadar,3200,Yes,No,130,160,190,1%
Moulvibazar,Rajnagar,3240,Yes,No,130,160,190,1%
Moulvibazar,Sreemongal,3210,Yes,No,130,160,190,1%
Moulvibazar,Juri,3251,Yes,No,130,160,190,1%
Sunamganj,Biswambharpur,3010,Yes,No,130,160,190,1%
Sunamganj,Chattak,3080,Yes,No,130,160,190,1%
Sunamganj,Derai,3040,Yes,No,130,160,190,1%
Sunamganj,Dharmapasha,3000,Yes,No,130,160,190,1%
Sunamganj,Dowarabazar,3070,Yes,No,130,160,190,1%
Sunamganj,Jagannathpur,3060,Yes,No,130,160,190,1%
Sunamganj,Jamalganj,3000,Yes,No,130,160,190,1%
Sunamganj,Sulla,,Yes,No,130,160,190,1%
Sunamganj,Traffic Point (Sunamganj Sadar),3000,Yes,No,130,160,190,1%
Sunamganj,Taherpur,3030,Yes,No,130,160,190,1%
Sunamganj,South Sunamganj,3060,Yes,No,130,160,190,1%
Sylhet,Balaganj,3120,Yes,No,130,160,190,1%
Sylhet,Beanibazar,3170,Yes,No,130,160,190,1%
Sylhet,Biswanath,3130,Yes,No,130,160,190,1%
Sylhet,Companyganj (Sylhet),3542,Yes,No,130,160,190,1%
Sylhet,Fenchuganj,3116,Yes,No,130,160,190,1%
Sylhet,Gowainghat,3150,Yes,No,130,160,190,1%
Sylhet,Golapganj (Sylhet),3160,Yes,No,130,160,190,1%
Sylhet,Jaintapur,3156,Yes,No,130,160,190,1%
Sylhet,Zakiganj,3190,Yes,No,130,160,190,1%
Sylhet,Kanaighat,3180,Yes,No,130,160,190,1%
Sylhet,Amberkhana (Sylhet),3100,Yes,No,130,160,190,1%
Sylhet,South Surma,3100,Yes,No,130,160,190,1%
Barguna,Amtali,8710,Yes,No,130,160,190,1%
Barguna,Bamna,8730,Yes,No,130,160,190,1%
Barguna,Barguna Sadar,8700,Yes,No,130,160,190,1%
Barguna,Betagi,8740,Yes,No,130,160,190,1%
Barguna,Patharghata (Barguna),8720,Yes,No,130,160,190,1%
Barisal,Agailjhara,8240,Yes,No,130,160,190,1%
Barisal,Babuganj,8210,Yes,No,130,160,190,1%
Barisal,Bakerganj,8281,Yes,No,130,160,190,1%
Barisal,Banaripara,8530,Yes,No,130,160,190,1%
Barisal,Barisal Sadar,8200,Yes,No,130,160,190,1%
Barisal,Gournadi (Barisal),8230,Yes,No,130,160,190,1%
Barisal,Hijla,,Yes,No,130,160,190,1%
Barisal,Mehendiganj,8270,Yes,No,130,160,190,1%
Barisal,Muladi,8250,Yes,No,130,160,190,1%
Barisal,Wazirpur,8220,Yes,No,130,160,190,1%
Bhola,Bhola Sadar,8300,Yes,No,130,160,190,1%
Bhola,Borhanuddin,8320,Yes,No,130,160,190,1%
Bhola,Charfession,8340,Yes,No,130,160,190,1%
Bhola,Daulatkhan,8310,Yes,No,130,160,190,1%
Bhola,Lalmohan,8330,Yes,No,130,160,190,1%
Bhola,Manpura,8360,Yes,No,130,160,190,1%
Bhola,Tajumuddin,,Yes,No,130,160,190,1%
Jhalokathi,Jhalokathi Sadar,8400,Yes,No,130,160,190,1%
Jhalokathi,Kathalia,8430,Yes,No,130,160,190,1%
Jhalokathi,Nalchiti,8420,Yes,No,130,160,190,1%
Jhalokathi,Rajapur (Jhalokathi),8410,Yes,No,130,160,190,1%
Patuakhali,Bauphal,8620,Yes,No,130,160,190,1%
Patuakhali,Dasmina,8630,Yes,No,130,160,190,1%
Patuakhali,Dumki,8602,Yes,No,130,160,190,1%
Patuakhali,Galachipa,8640,Yes,No,130,160,190,1%
Patuakhali,Kalapara,,Yes,No,130,160,190,1%
Patuakhali,Mirjaganj,,Yes,No,130,160,190,1%
Patuakhali,Patuakhali Sadar,8600,Yes,No,130,160,190,1%
Perojpur,Bhandaria,8550,Yes,No,130,160,190,1%
Perojpur,Kaukhali (Perojpur),8510,Yes,No,130,160,190,1%
Perojpur,Mothbaria,8560,Yes,No,130,160,190,1%
Perojpur,Nesarabad (Shawrupkathi),8520,Yes,No,130,160,190,1%
Perojpur,Nazirpur,8540,Yes,No,130,160,190,1%
Perojpur,Pirojpur Sadar,8500,Yes,No,130,160,190,1%
Perojpur,Zia Nagar (Indurkani),8502,Yes,No,130,160,190,1%
Bandarban,Ali Kadam,4650,Yes,No,130,160,190,1%
Bandarban,Bandarban Sadar,4600,Yes,No,130,160,190,1%
Bandarban,Lama,4641,Yes,No,130,160,190,1%
Bandarban,Nakhoyngchari,4660,Yes,No,130,160,190,1%
Bandarban,Rawanchari,4610,Yes,No,130,160,190,1%
Bandarban,Ruma,4620,Yes,No,130,160,190,1%
Bandarban,Thanchi,4630,Yes,No,130,160,190,1%
Brahmanbaria,Akhaura,3450,Yes,No,130,160,190,1%
Brahmanbaria,Ashuganj (Bhairab),3402,Yes,No,130,160,190,1%
Brahmanbaria,Bancharampur (Nabinagar),3420,Yes,No,130,160,190,1%
Brahmanbaria,Paikpara (Brahmanbaria Sadar),3400,Yes,No,130,160,190,1%
Brahmanbaria,Kashba (Nabinagar),3460,Yes,No,130,160,190,1%
Brahmanbaria,Nabinagar (Nabinagar Hub),3410,Yes,No,130,160,190,1%
Brahmanbaria,Nasirnagar (Bhairab Hub),3440,Yes,No,130,160,190,1%
Brahmanbaria,Sarail (Bhairab Hub),3430,Yes,No,130,160,190,1%
Chandpur,Chandpur Sadar,3600,Yes,No,130,160,190,1%
Chandpur,Faridganj,3650,Yes,No,130,160,190,1%
Chandpur,Haimchar,3660,Yes,No,130,160,190,1%
Chandpur,Hajiganj (Chandpur),3610,Yes,No,130,160,190,1%
Chandpur,Kachua(Chandpur),3630,Yes,No,130,160,190,1%
Chandpur,Matlab (South),3640,Yes,No,130,160,190,1%
Chandpur,Matlab (North)(Chengarchar),3643,Yes,No,130,160,190,1%
Chandpur,Shahrasti,3620,Yes,No,130,160,190,1%
Chittagong,Anwara,4376,Yes,No,130,160,190,1%
Chittagong,Banshkhali,4393,Yes,No,130,160,190,1%
Chittagong,Boalkhali,4366,Yes,No,130,160,190,1%
Chittagong,Chandanaish,4383,Yes,No,130,160,190,1%
Chittagong,Fatikchari,4350,Yes,No,130,160,190,1%
Chittagong,Hathazari,4330,Yes,No,130,160,190,1%
Chittagong,Lohagara,4396,Yes,No,130,160,190,1%
Chittagong,Mirsarai,4320,Yes,No,130,160,190,1%
Chittagong,Patiya,4370,Yes,No,130,160,190,1%
Chittagong,Rangunia,4360,Yes,No,130,160,190,1%
Chittagong,Raojan,4340,Yes,No,130,160,190,1%
Chittagong,Sandwip (Guptachara),4300,Yes,No,130,160,190,1%
Chittagong,Satkania,4386,Yes,No,130,160,190,1%
Chittagong,Sitakundu,4310,Yes,No,130,160,190,1%
Comilla,Barura,3560,Yes,No,130,160,190,1%
Comilla,Brahmanpara,3526,Yes,No,130,160,190,1%
Comilla,Burichang,3520,Yes,No,130,160,190,1%
Comilla,Chandina,3510,Yes,No,130,160,190,1%
Comilla,Chowddagram,3550,Yes,No,130,160,190,1%
Comilla,Comilla Sadar,3500,Yes,No,130,160,190,1%
Comilla,Daudkandi,3516,Yes,No,130,160,190,1%
Comilla,Debiduar,3530,Yes,No,130,160,190,1%
Comilla,Homna,3546,Yes,No,130,160,190,1%
Comilla,Laksam,3570,Yes,No,130,160,190,1%
Comilla,Meghna,3515,Yes,No,130,160,190,1%
Comilla,Muradnagar - Cumilla,3540,Yes,No,130,160,190,1%
Comilla,Nangolkot,3580,Yes,No,130,160,190,1%
Comilla,Titas,3500,Yes,No,130,160,190,1%
Comilla,Monoharganj,3500,Yes,No,130,160,190,1%
Comilla,Comilla Sadar South,3500,Yes,No,130,160,190,1%
Cox's Bazar,Chakoria,4720,Yes,No,130,160,190,1%
Cox's Bazar,Kolatoli (Cox's Bazar),4700,Yes,No,130,160,190,1%
Cox's Bazar,Kutubdia,4720,Yes,No,130,160,190,1%
Cox's Bazar,Moheshkhali,4720,Yes,No,130,160,190,1%
Cox's Bazar,Pekua,4720,Yes,No,130,160,190,1%
Cox's Bazar,Ramu,4730,Yes,No,130,160,190,1%
Cox's Bazar,Teknaf,4760,Yes,No,130,160,190,1%
Cox's Bazar,Ukhia,4750,Yes,No,130,160,190,1%
Feni,Chagalnayya,3910,Yes,No,130,160,190,1%
Feni,Daganbhuiyan,3920,Yes,No,130,160,190,1%
Feni,Feni Sadar,3900,Yes,No,130,160,190,1%
Feni,Parshuram,3940,Yes,No,130,160,190,1%
Feni,Fulgazi,3942,Yes,No,130,160,190,1%
Feni,Sonagazi,3930,Yes,No,130,160,190,1%
Khagrachari,Dighinala,4420,Yes,No,130,160,190,1%
Khagrachari,Khagrachari Sadar,4400,Yes,No,130,160,190,1%
Khagrachari,Laksmichari,4470,Yes,No,130,160,190,1%
Khagrachari,Mohalchari,4430,Yes,No,130,160,190,1%
Khagrachari,Manikchari,4460,Yes,No,130,160,190,1%
Khagrachari,Matiranga,4450,Yes,No,130,160,190,1%
Khagrachari,Panchari,4410,Yes,No,130,160,190,1%
Khagrachari,Ramgor,4440,Yes,No,130,160,190,1%
Laksmipur,Laksmipur Sadar,3700,Yes,No,130,160,190,1%
Laksmipur,Ramgati,3732,Yes,No,130,160,190,1%
Laksmipur,Ramganj,3720,Yes,No,130,160,190,1%
Laksmipur,Raipur (Lakshmipur),3710,Yes,No,130,160,190,1%
Laksmipur,Kamalnagar,,Yes,No,130,160,190,1%
Noakhali,Begumganj,3820,Yes,No,130,160,190,1%
Noakhali,Chatkhil,3870,Yes,No,130,160,190,1%
Noakhali,Companiganj (Noakhali),3850,Yes,No,130,160,190,1%
Noakhali,Hatiya,3890,Yes,No,130,160,190,1%
Noakhali,Maijdee (Noakhali),3800,Yes,No,130,160,190,1%
Noakhali,Senbag,3860,Yes,No,130,160,190,1%
Noakhali,Sonaimuri,3827,Yes,No,130,160,190,1%
Noakhali,Subarnachar,,Yes,No,130,160,190,1%
Noakhali,Kabir Hat,3807,Yes,No,130,160,190,1%
Rangamati,Baghaichari,,Yes,No,130,160,190,1%
Rangamati,Barkal,4570,Yes,No,130,160,190,1%
Rangamati,Belaichari,4550,Yes,No,130,160,190,1%
Rangamati,Jurachari,4560,Yes,No,130,160,190,1%
Rangamati,Kaptai,4530,Yes,No,130,160,190,1%
Rangamati,Kawkhali (Rangamati),4511,Yes,No,130,160,190,1%
Rangamati,Langadu,4580,Yes,No,130,160,190,1%
Rangamati,Naniarchar,4520,Yes,No,130,160,190,1%
Rangamati,Rajasthali,4540,Yes,No,130,160,190,1%
Rangamati,Rangamati Sadar,4500,Yes,No,130,160,190,1%
Dinajpur,Birampur,5266,Yes,No,130,160,190,1%
Dinajpur,Birganj,5220,Yes,No,130,160,190,1%
Dinajpur,Birol,5210,Yes,No,130,160,190,1%
Dinajpur,Bochaganj,5216,Yes,No,130,160,190,1%
Dinajpur,Chirirbandar,5240,Yes,No,130,160,190,1%
Dinajpur,Baluadanga (Dinajpur),5200,Yes,No,130,160,190,1%
Dinajpur,Phulbari (Dinajpur),5260,Yes,No,130,160,190,1%
Dinajpur,Ghoraghat,5291,Yes,No,130,160,190,1%
Dinajpur,Hakimpur,5266,Yes,No,130,160,190,1%
Dinajpur,Kaharole,,Yes,No,130,160,190,1%
Dinajpur,Khanshama,5230,Yes,No,130,160,190,1%
Dinajpur,Nawabganj (Dinajpur),5280,Yes,No,130,160,190,1%
Dinajpur,Parbatipur,5250,Yes,No,130,160,190,1%
Gaibandha,Fulchari,5760,Yes,No,130,160,190,1%
Gaibandha,Gaibandha Sadar,5700,Yes,No,130,160,190,1%
Gaibandha,Gobindaganj ( Gaibandha ),5740,Yes,No,130,160,190,1%
Gaibandha,Palashbari,5730,Yes,No,130,160,190,1%
Gaibandha,Sadullapur,5710,Yes,No,130,160,190,1%
Gaibandha,Shaghatta,5751,Yes,No,130,160,190,1%
Gaibandha,Sundarganj,5720,Yes,No,130,160,190,1%
Kurigram,Bhurungamari,5670,Yes,No,130,160,190,1%
Kurigram,Chilmary,5630,Yes,No,130,160,190,1%
Kurigram,Fulbari (Kurigram),5680,Yes,No,130,160,190,1%
Kurigram,Kurigram Sadar,5600,Yes,No,130,160,190,1%
Kurigram,Nageswari,5660,Yes,No,130,160,190,1%
Kurigram,Rajarhat,5610,Yes,No,130,160,190,1%
Kurigram,Rajibpur,5650,Yes,No,130,160,190,1%
Kurigram,Rowmari,5640,Yes,No,130,160,190,1%
Kurigram,Ulipur,5620,Yes,No,130,160,190,1%
Lalmonirhat,Aditmari,5510,Yes,No,130,160,190,1%
Lalmonirhat,Hatibandha (Lalmonirhat),5530,Yes,No,130,160,190,1%
Lalmonirhat,Kaliganj(Lalmonirhat),,Yes,No,130,160,190,1%
Lalmonirhat,Lalmonirhat Sadar,5500,Yes,No,130,160,190,1%
Lalmonirhat,Patgram,5540,Yes,No,130,160,190,1%
Nilphamari,Dimla,5350,Yes,No,130,160,190,1%
Nilphamari,Domar,5340,Yes,No,130,160,190,1%
Nilphamari,Jaldhaka,5330,Yes,No,130,160,190,1%
Nilphamari,Kishoreganj ( Nilphamari),5320,Yes,No,130,160,190,1%
Nilphamari,Nilphamari Sadar,5300,Yes,No,130,160,190,1%
Nilphamari,Saidpur,5310,Yes,No,130,160,190,1%
Panchagarh,Atwari (Panchagarh),,Yes,No,130,160,190,1%
Panchagarh,Boda,5010,Yes,No,130,160,190,1%
Panchagarh,Debiganj,5020,Yes,No,130,160,190,1%
Panchagarh,Panchagarh Sadar,5000,Yes,No,130,160,190,1%
Panchagarh,Tetulia,5030,Yes,No,130,160,190,1%
Rangpur,Badarganj,5430,Yes,No,130,160,190,1%
Rangpur,Gangachara,5410,Yes,No,130,160,190,1%
Rangpur,Kaunia (Rangpur),5440,Yes,No,130,160,190,1%
Rangpur,Mithapukur,5460,Yes,No,130,160,190,1%
Rangpur,Pirgacha,5450,Yes,No,130,160,190,1%
Rangpur,Pirganj(Rangpur),5400,Yes,No,130,160,190,1%
Rangpur,Rangpur Sadar,5400,Yes,No,130,160,190,1%
Rangpur,Taraganj,5420,Yes,No,130,160,190,1%
Thakurgaon,Baliadangi,5140,Yes,No,130,160,190,1%
Thakurgaon,Haripur,5130,Yes,No,130,160,190,1%
Thakurgaon,Pirganj(Thakurgaon),5110,Yes,No,130,160,190,1%
Thakurgaon,Ranishankail,5120,Yes,No,130,160,190,1%
Thakurgaon,Thakurgaon Sadar,5100,Yes,No,130,160,190,1%
Khulna,Khulna Sadar,9100,Yes,No,130,160,190,1%
Rajshahi,Rajshahi Shadar,6201,Yes,No,130,160,190,1%
Chapai Nawabganj,Chapai Nawabganj Sadar,6300,Yes,No,130,160,190,1%
Jessore,Benapole,7431,Yes,No,130,160,190,1%
Bandarban,soho area,,Yes,No,130,160,190,1%
Thakurgaon,Shibganj (Thakurgaon Sadar),5102,Yes,No,130,160,190,1%
Chittagong,Bondor (Chittagong),4217,Yes,No,130,160,190,1%
Chittagong,Barahatia,4217,Yes,No,130,160,190,1%
Chittagong,Karnaphuli,4371,Yes,No,130,160,190,1%
Chittagong,Kotwali Chattogram,,Yes,No,130,160,190,1%
Chittagong,Agrabad,,Yes,No,130,160,190,1%
Chittagong,AK Khan,,Yes,No,130,160,190,1%
Chittagong,Al- Amin Baria Madra,,Yes,No,130,160,190,1%
Chittagong,Al- Amin Baria Madrasa,,Yes,No,130,160,190,1%
Chittagong,Amin Jute Mills,,Yes,No,130,160,190,1%
Chittagong,Anandabazar,,Yes,No,130,160,190,1%
Chittagong,Anawara Battali,,Yes,No,130,160,190,1%
Chittagong,Anawara Paroikora,,Yes,No,130,160,190,1%
Chittagong,Bayezid Bostami,,Yes,No,130,160,190,1%
Chittagong,Boalkhali Charandwip,,Yes,No,130,160,190,1%
Chittagong,Boalkhali Iqbal Park,,Yes,No,130,160,190,1%
Chittagong,Boalkhali Kadurkhal,,Yes,No,130,160,190,1%
Chittagong,Boalkhali Kanungopara,,Yes,No,130,160,190,1%
Chittagong,Boalkhali Sadar,,Yes,No,130,160,190,1%
Chittagong,Boalkhali Sakpura,,Yes,No,130,160,190,1%
Chittagong,Boalkhali Saroatoli,,Yes,No,130,160,190,1%
Chittagong,Cadet College,,Yes,No,130,160,190,1%
Chittagong,Chandgaon,,Yes,No,130,160,190,1%
Chittagong,Chattogram Airport,,Yes,No,130,160,190,1%
Chittagong,Chattogram Bandar,,Yes,No,130,160,190,1%
Chittagong,Chattogram Cantonment,,Yes,No,130,160,190,1%
Chittagong,Chattogram Chawkbazar,,Yes,No,130,160,190,1%
Chittagong,Chattogram Customs Acca,,Yes,No,130,160,190,1%
Chittagong,Chattogram GPO,,Yes,No,130,160,190,1%
Chittagong,Chattogram New Market,,Yes,No,130,160,190,1%
Chittagong,Chattogram Oxygen,,Yes,No,130,160,190,1%
Chittagong,Chattogram Politechnic Institute,,Yes,No,130,160,190,1%
Chittagong,Chattogram Sailors Colony,,Yes,No,130,160,190,1%
Chittagong,Colonel Hat,,Yes,No,130,160,190,1%
Chittagong,Combined Military Hospital (CMH),,Yes,No,130,160,190,1%
Chittagong,Court Buliding,,Yes,No,130,160,190,1%
Chittagong,Dakkhin Ghatchak,,Yes,No,130,160,190,1%
Chittagong,Dakkshin Pahartoli,,Yes,No,130,160,190,1%
Chittagong,Double Mooring,,Yes,No,130,160,190,1%
Chittagong,East Joara Barma,,Yes,No,130,160,190,1%
Chittagong,East Joara Dohazari,,Yes,No,130,160,190,1%
Chittagong,East Joara East Joara,,Yes,No,130,160,190,1%
Chittagong,East Joara Gachbaria,,Yes,No,130,160,190,1%
Chittagong,Export Processing,,Yes,No,130,160,190,1%
Chittagong,Fakirkill,,Yes,No,130,160,190,1%
Chittagong,Fatikchhari Bhandar Sharif,,Yes,No,130,160,190,1%
Chittagong,Fatikchhari Harualchhari,,Yes,No,130,160,190,1%
Chittagong,Fatikchhari Najirhat,,Yes,No,130,160,190,1%
Chittagong,Fatikchhari Nanupur,,Yes,No,130,160,190,1%
Chittagong,Fatikchhari Narayanhat,,Yes,No,130,160,190,1%
Chittagong,Firozshah,,Yes,No,130,160,190,1%
Chittagong,GEC,,Yes,No,130,160,190,1%
Chittagong,Halishahar,,Yes,No,130,160,190,1%
Chittagong,Halishshar,,Yes,No,130,160,190,1%
Chittagong,Chattogram University,,Yes,No,130,160,190,1%
Chittagong,Hathazari Fatahabad,,Yes,No,130,160,190,1%
Chittagong,Hathazari Gorduara,,Yes,No,130,160,190,1%
Chittagong,Hathazari Katirhat,,Yes,No,130,160,190,1%
Chittagong,Hathazari Madrasa,,Yes,No,130,160,190,1%
Chittagong,Hathazari Mirzapur,,Yes,No,130,160,190,1%
Chittagong,Hathazari Nuralibari,,Yes,No,130,160,190,1%
Chittagong,Hathazari Yunus Nagar,,Yes,No,130,160,190,1%
Chittagong,Jalalabad,,Yes,No,130,160,190,1%
Chittagong,Jaldi Banigram,,Yes,No,130,160,190,1%
Chittagong,Jaldi Gunagari,,Yes,No,130,160,190,1%
Chittagong,Jaldi Khan Bahadur,,Yes,No,130,160,190,1%
Chittagong,Jaldi Sadar,,Yes,No,130,160,190,1%
Chittagong,Jaldia Marine Academy,,Yes,No,130,160,190,1%
Chittagong,Jaldia Merine Accade,,Yes,No,130,160,190,1%
Chittagong,Kadeer Nagar,,Yes,No,130,160,190,1%
Chittagong,Kaptai Chandraghona,,Yes,No,130,160,190,1%
Rangamati,Kaptai Kaptai Project,,Yes,No,130,160,190,1%
Rangamati,Kaptai Nuton Bazar,,Yes,No,130,160,190,1%
Rangamati,Kaptai Sadar,,Yes,No,130,160,190,1%
Chittagong,Kattuli,,Yes,No,130,160,190,1%
Chittagong,Khulshi,,Yes,No,130,160,190,1%
Chittagong,Lohagara Chunti,,Yes,No,130,160,190,1%
Chittagong,Lohagara Padua,,Yes,No,130,160,190,1%
Chittagong,Middle Patenga,,Yes,No,130,160,190,1%
Chittagong,Mirsharai Abutorab,,Yes,No,130,160,190,1%
Chittagong,Mirsharai Azampur,,Yes,No,130,160,190,1%
Chittagong,Mirsharai Bharawazhat,,Yes,No,130,160,190,1%
Chittagong,Mirsharai Darrogahat,,Yes,No,130,160,190,1%
Chittagong,Mirsharai Joarganj,,Yes,No,130,160,190,1%
Chittagong,Mirsharai Korerhat,,Yes,No,130,160,190,1%
Chittagong,Mirsharai Mohazanhat,,Yes,No,130,160,190,1%
Chittagong,Mohard,,Yes,No,130,160,190,1%
Chittagong,Muradnagar - Hathazari,,Yes,No,130,160,190,1%
Chittagong,Nasirabad,,Yes,No,130,160,190,1%
Chittagong,North Halishahar,,Yes,No,130,160,190,1%
Chittagong,North Kattali,,Yes,No,130,160,190,1%
Chittagong,North Katuli,,Yes,No,130,160,190,1%
Chittagong,Noyabazar,,Yes,No,130,160,190,1%
Chittagong,Pahartoli,,Yes,No,130,160,190,1%
Chittagong,Panchlaish,,Yes,No,130,160,190,1%
Chittagong,Patenga,,Yes,No,130,160,190,1%
Chittagong,Patiya Budhpara,,Yes,No,130,160,190,1%
Chittagong,Patiya Sadar,,Yes,No,130,160,190,1%
Chittagong,Rampur,,Yes,No,130,160,190,1%
Chittagong,Rampura TSO,,Yes,No,130,160,190,1%
Chittagong,Rangunia Dhamair,,Yes,No,130,160,190,1%
Chittagong,Rangunia Sadar,,Yes,No,130,160,190,1%
Chittagong,Ranir Hat,,Yes,No,130,160,190,1%
Chittagong,Raozan B.I.T Post Office,,Yes,No,130,160,190,1%
Chittagong,Raozan Beenajuri,,Yes,No,130,160,190,1%
Chittagong,Raozan Dewanpur,,Yes,No,130,160,190,1%
Chittagong,Raozan Fatepur,,Yes,No,130,160,190,1%
Chittagong,Raozan Guzra Noapara,,Yes,No,130,160,190,1%
Chittagong,Raozan jagannath Hat,,Yes,No,130,160,190,1%
Chittagong,Raozan Kundeshwari,,Yes,No,130,160,190,1%
Chittagong,Raozan Mohamuni,,Yes,No,130,160,190,1%
Chittagong,Raozan Pouroshobha,,Yes,No,130,160,190,1%
Chittagong,Rauzan Gahira,,Yes,No,130,160,190,1%
Chittagong,Sadarghat,,Yes,No,130,160,190,1%
Chittagong,Sandwip Shiberhat,,Yes,No,130,160,190,1%
Chittagong,Sandwip Urirchar,,Yes,No,130,160,190,1%
Chittagong,Satkania Baitul Ijjat,,Yes,No,130,160,190,1%
Chittagong,Satkania Bazalia,,Yes,No,130,160,190,1%
Chittagong,Sayad Bari,,Yes,No,130,160,190,1%
Chittagong,Sitakunda Barabkunda,,Yes,No,130,160,190,1%
Chittagong,Sitakunda Baroidhala,,Yes,No,130,160,190,1%
Chittagong,Sitakunda Bawashbaria,,Yes,No,130,160,190,1%
Chittagong,Sitakunda Bhatiari,,Yes,No,130,160,190,1%
Chittagong,Sitakunda Fouzdarhat,,Yes,No,130,160,190,1%
Chittagong,Sitakunda Jafrabad,,Yes,No,130,160,190,1%
Chittagong,Sitakunda Kumira,,Yes,No,130,160,190,1%
Chittagong,South Halishahar,,Yes,No,130,160,190,1%
Chittagong,Uttar Gatchak,,Yes,No,130,160,190,1%
Chittagong,Wazedia,,Yes,No,130,160,190,1%
Comilla,Gouripur (Comilla),,Yes,No,130,160,190,1%
Dinajpur,College mor (Dinajpur),,Yes,No,130,160,190,1%
Dinajpur,Boromath (Dinajpur),,Yes,No,130,160,190,1%
Dinajpur,Pulhat,,Yes,No,130,160,190,1%
Dinajpur,Newtown (Dinajpur),,Yes,No,130,160,190,1%
Dinajpur,Lilir mor,,Yes,No,130,160,190,1%
Dinajpur,Modern mor (Dinajpur),,Yes,No,130,160,190,1%
Sunamganj,Old bustand (Sunamganj),,Yes,No,130,160,190,1%
Sunamganj,Kazirpoint (Sunamganj),,Yes,No,130,160,190,1%
Sunamganj,Hason Nagar,,Yes,No,130,160,190,1%
Sunamganj,Moddho bazar (Sunamganj),,Yes,No,130,160,190,1%
Sunamganj,wazkhali,,Yes,No,130,160,190,1%
Sylhet,Zindabazar,,Yes,No,130,160,190,1%
Sylhet,Pathantula,,Yes,No,130,160,190,1%
Sylhet,Subidbazar,,Yes,No,130,160,190,1%
Sylhet,Akhalia,,Yes,No,130,160,190,1%
Sylhet,Tilaghor,,Yes,No,130,160,190,1%
Sylhet,Shibganj(sylhet),,Yes,No,130,160,190,1%
Sylhet,Uposhohor(Sylhet),,Yes,No,130,160,190,1%
Sylhet,Kodomtoli,,Yes,No,130,160,190,1%
Sylhet,Sheikhghat.,,Yes,No,130,160,190,1%
Sylhet,Majortila,,Yes,No,130,160,190,1%
Sylhet,Subhanighat,,Yes,No,130,160,190,1%
Norshingdi,Madhabdi (Narsingdi),,Yes,No,130,160,190,1%
Norshingdi,Babur Haat (Narsingdi),,Yes,No,130,160,190,1%
Norshingdi,Pachdona More (Narsingdi),,Yes,No,130,160,190,1%
Norshingdi,Shaheprotab More (Narsingdi),,Yes,No,130,160,190,1%
Norshingdi,West Brammondi (Narsingdi),,Yes,No,130,160,190,1%
Norshingdi,East Brammondi (Narsingdi),,Yes,No,130,160,190,1%
Norshingdi,Songita Bazar (Narsingdi),,Yes,No,130,160,190,1%
Norshingdi,Shatirpara,,Yes,No,130,160,190,1%
Norshingdi,Hasnabad Bazar (Narsingdi),,Yes,No,130,160,190,1%
Habiganj,Rajnogor,,Yes,No,130,160,190,1%
Habiganj,Chowdhury Bazar (Habiganj),,Yes,No,130,160,190,1%
Habiganj,Sultanmahmudpur,,Yes,No,130,160,190,1%
Habiganj,Gatiabazar,,Yes,No,130,160,190,1%
Habiganj,Mahmudabad,,Yes,No,130,160,190,1%
Habiganj,Duliakal,,Yes,No,130,160,190,1%
Habiganj,Mohonpur (Habiganj),,Yes,No,130,160,190,1%
Brahmanbaria,Kawtoly (Brahmanbaria),,Yes,No,130,160,190,1%
Brahmanbaria,T.A Road (Brahmanbaria),,Yes,No,130,160,190,1%
Brahmanbaria,Sarak bazar (Brahmanbaria),,Yes,No,130,160,190,1%
Brahmanbaria,Moddopara (Brahmanbaria),,Yes,No,130,160,190,1%
Brahmanbaria,Birashar (Brahmanbaria),,Yes,No,130,160,190,1%
Brahmanbaria,Medda (Brahmanbaria),,Yes,No,130,160,190,1%
Brahmanbaria,Gatura- Pirbari (Brahmanbaria),,Yes,No,130,160,190,1%
Mymensingh,Chorpara (Mymensingh),,Yes,No,130,160,190,1%
Mymensingh,Kachijhuli,,Yes,No,130,160,190,1%
Mymensingh,College Road (Mymensigh),,Yes,No,130,160,190,1%
Mymensingh,Akua,,Yes,No,130,160,190,1%
Mymensingh,Agriculture University (Mymensingh),,Yes,No,130,160,190,1%
Mymensingh, Zilla School Mor (Mymensingh),,Yes,No,130,160,190,1%
Mymensingh,Rohomotpur Bypass,,Yes,No,130,160,190,1%
Mymensingh,Mashkanda,,Yes,No,130,160,190,1%
Cox's Bazar,Kalur Dokan,,Yes,No,130,160,190,1%
Cox's Bazar,Alir Jahal Road,,Yes,No,130,160,190,1%
Cox's Bazar,Barmis Market,,Yes,No,130,160,190,1%
Cox's Bazar,Bazar Ghata,,Yes,No,130,160,190,1%
Cox's Bazar,Laldighir Par (Cox's Bazar),,Yes,No,130,160,190,1%
Cox's Bazar,Holiday Mor(Cox's Bazar),,Yes,No,130,160,190,1%
Cox's Bazar,Laboni Point,,Yes,No,130,160,190,1%
Cox's Bazar,Sughandha Point,,Yes,No,130,160,190,1%
Cox's Bazar,Marin Drive Road,,Yes,No,130,160,190,1%
Cox's Bazar,Sonar Tara,,Yes,No,130,160,190,1%
Cox's Bazar,Jilonjha,,Yes,No,130,160,190,1%
Cox's Bazar,Tarabaniyer chora,,Yes,No,130,160,190,1%
Cox's Bazar,Romaliyer chora,,Yes,No,130,160,190,1%
Cox's Bazar,Khurushkul,,Yes,No,130,160,190,1%
Cox's Bazar,P M Khali,,Yes,No,130,160,190,1%
Cox's Bazar,Somity Para,,Yes,No,130,160,190,1%
Khulna,Amadee Bazar,,Yes,No,130,160,190,1%
Khulna,kopilmuni Bazar,,Yes,No,130,160,190,1%
Habiganj,Shayestaganj (Shayestaganj Hub),,Yes,No,130,160,190,1%
Laksmipur,Alexandar,,Yes,No,130,160,190,1%
Patuakhali,Kuakata,8652,Yes,No,130,160,190,1%
Patuakhali,Subidkhali,8610,Yes,No,130,160,190,1%
Patuakhali,Khepupara,8650,Yes,No,130,160,190,1%
Patuakhali,Payra port,8650,Yes,No,130,160,190,1%
Patuakhali,Bagabandar,,Yes,No,130,160,190,1%
Patuakhali,Kalaia,,Yes,No,130,160,190,1%
Patuakhali,Mahipur,8651,Yes,No,130,160,190,1%
Patuakhali,Birpasha,,Yes,No,130,160,190,1%
Chittagong,Sandwip (Enam Nagar),,Yes,No,130,160,190,1%
Chittagong,Sandwip (Complex),,Yes,No,130,160,190,1%
Chittagong,Sandwip (Kalapaniya),,Yes,No,130,160,190,1%
Chittagong,Sandwip (Gasua),,Yes,No,130,160,190,1%
Habiganj,Ranigaon (Shayestaganj Hub),,Yes,No,130,160,190,1%
Habiganj,Putijuri (Shayestaganj Hub),,Yes,No,130,160,190,1%
Pabna,Banwarinagar (Pabna),,Yes,No,130,160,190,1%
Pabna,Debottar (Pabna),,Yes,No,130,160,190,1%
Pabna,Kashinathpur (Pabna),,Yes,No,130,160,190,1%
Pabna,Nakalia (Pabna),,Yes,No,130,160,190,1%
Pabna,Pakshi (Pabna),,Yes,No,130,160,190,1%
Pabna,Sagarkandi (Pabna),,Yes,No,130,160,190,1%
Moulvibazar,Shamshernagar (Moulvibazar),,Yes,No,130,160,190,1%
Moulvibazar,Sherpur (Moulvibazar),,Yes,No,130,160,190,1%
Moulvibazar,Baramchal (Kulaura),,Yes,No,130,160,190,1%
Moulvibazar,Robir Bazar (Kulaura),,Yes,No,130,160,190,1%
Brahmanbaria,Bijoynagor (Brahmanbaria),,Yes,No,130,160,190,1%
Brahmanbaria,Shahbajpur (Brahmanbaria),,Yes,No,130,160,190,1%
Brahmanbaria,Sohilpur (Brahmanbaria),,Yes,No,130,160,190,1%
Brahmanbaria,Chandura (Brahmanbaria),,Yes,No,130,160,190,1%
Brahmanbaria,Singarbil (Brahmanbaria),,Yes,No,130,160,190,1%
Brahmanbaria,Awliya Bazar (Brahmanbaria),,Yes,No,130,160,190,1%
Brahmanbaria,Poirtola (Brahmanbaria),,Yes,No,130,160,190,1%
Brahmanbaria,Ulchapara (Brahmanbaria),,Yes,No,130,160,190,1%
Brahmanbaria,Bhadugor (Brahmanbaria),,Yes,No,130,160,190,1%
Brahmanbaria,Kumarshil more (Brahmanbaria),,Yes,No,130,160,190,1%
Moulvibazar,Sarkar Bazar (Moulvibazar),,Yes,No,130,160,190,1%
Moulvibazar,Notun Bridge (Moulvibazar),,Yes,No,130,160,190,1%
Moulvibazar,Tarapasha Bazar - Rajnagar,,Yes,No,130,160,190,1%
Moulvibazar,Munshibazar - Kamalganj,,Yes,No,130,160,190,1%
Moulvibazar,Munshibazar - Rajnagar,,Yes,No,130,160,190,1%
Moulvibazar,Tengra Bazar - Rajnagar,,Yes,No,130,160,190,1%
Moulvibazar,Mukam Bazar - Radar Unit (Moulvibazar),,Yes,No,130,160,190,1%
Moulvibazar,Brahman Bazar - Kulaura,,Yes,No,130,160,190,1%
Moulvibazar,Patanushar - Shamshernagar,,Yes,No,130,160,190,1%
Moulvibazar,Konokpur (Moulvibazar),,Yes,No,130,160,190,1%
Moulvibazar,Adompur Bazar - Kamalganj,,Yes,No,130,160,190,1%
Moulvibazar,Tilagao - Kulaura,,Yes,No,130,160,190,1%
Moulvibazar,Bhatera - Kulaura,,Yes,No,130,160,190,1%
Moulvibazar,Kazir Bazar (Moulvibazar),,Yes,No,130,160,190,1%
Munshiganj,Kacari (Munshiganj),,Yes,No,130,160,190,1%
Munshiganj,Super Market Mor (Munshiganj),,Yes,No,130,160,190,1%
Munshiganj,Munshir Hat (Munshiganj),,Yes,No,130,160,190,1%
Munshiganj,Rikabibazar (Munshiganj),,Yes,No,130,160,190,1%
Munshiganj,Sipahipara (Munshiganj),,Yes,No,130,160,190,1%
Munshiganj,Muktarpur (Munshiganj),,Yes,No,130,160,190,1%
Comilla,Companyganj (Comilla),,Yes,No,130,160,190,1%
Moulvibazar,Langla (Kulaura),,Yes,No,130,160,190,1%
Moulvibazar,Prithimpasha (Kulaura),,Yes,No,130,160,190,1%
Moulvibazar,Kajaldhara (Kulaura),,Yes,No,130,160,190,1%
Moulvibazar,Kotarkuna (Kulaura),,Yes,No,130,160,190,1%
